"Date","Parameter","Rhat","ESS_Bulk","ESS_Tail"
1990-01-01,"b_Intercept",1.0009508351238,801.897430116113,1206.10186239535
1990-01-01,"b_CAPE",1.00093340476551,819.221602660875,1041.80967906602
1990-01-01,"sigma",1.00171969732329,1250.21363803556,865.596477939846
1990-02-01,"b_Intercept",1.00114170149086,928.788409661099,1197.55780458425
1990-02-01,"b_CAPE",1.00098272379883,946.463558177003,1097.04039554642
1990-02-01,"sigma",1.0001142629991,1338.54145165546,1568.27246170488
1990-03-01,"b_Intercept",1.00033576900731,1036.79890074337,1219.8802001683
1990-03-01,"b_CAPE",1.00054284906052,1058.75885213371,1119.12811850795
1990-03-01,"sigma",1.00066790767718,1132.42750167496,956.86972315534
1990-04-01,"b_Intercept",1.00022707753972,1170.10422869148,1365.93682994378
1990-04-01,"b_CAPE",1.00020363758253,1137.97782472149,1488.98300134754
1990-04-01,"sigma",1.00025704309676,1323.63601862216,1292.36103168398
1990-05-01,"b_Intercept",1.0053269218303,1239.0491762181,1189.84838528792
1990-05-01,"b_CAPE",1.00492431589612,1243.91778436238,1313.39972234858
1990-05-01,"sigma",1.00030895412478,1591.25552285596,1631.48196046245
1990-06-01,"b_Intercept",0.999859619167312,997.801942527762,1147.7598776151
1990-06-01,"b_CAPE",0.999737189718452,1026.04926612177,1127.30629032882
1990-06-01,"sigma",0.999971555264136,1172.56024233167,1307.19453899224
1990-07-01,"b_Intercept",1.00116739389304,1030.17443538173,1102.93590989926
1990-07-01,"b_CAPE",1.00106425132141,991.473919869453,1053.34274736758
1990-07-01,"sigma",1.00317876993783,1230.78218021418,817.796383875501
1990-08-01,"b_Intercept",1.00562430854863,958.612919149696,1152.11194283858
1990-08-01,"b_CAPE",1.00630533802085,944.761541964603,1136.24991720219
1990-08-01,"sigma",0.999684674584404,1504.70808894484,1313.20347024782
1990-09-01,"b_Intercept",0.999889961020917,760.597128705916,1011.67101997128
1990-09-01,"b_CAPE",1.00027785749246,768.382825675363,1037.28473165346
1990-09-01,"sigma",1.00026433487881,1727.20149691388,1591.00669264435
1990-10-01,"b_Intercept",1.00097109399816,919.153119027253,945.026768840208
1990-10-01,"b_CAPE",1.00149301459256,888.692634479573,991.853213534999
1990-10-01,"sigma",0.999883893371321,1370.86092347615,1311.25325825366
1990-11-01,"b_Intercept",0.999932798254863,899.081940788,1159.39343008254
1990-11-01,"b_CAPE",1.00002617575024,920.298475188355,1219.39259218724
1990-11-01,"sigma",1.00016885170203,1424.19192442057,1395.23787284643
1990-12-01,"b_Intercept",0.999919385072455,1015.05702044933,1242.82539839417
1990-12-01,"b_CAPE",1.00030513449387,996.365772549741,1071.90490721194
1990-12-01,"sigma",1.00204229707718,1468.57990248758,1257.74547762351
1991-01-01,"b_Intercept",1.00024366509957,1084.3646774335,1210.57348615044
1991-01-01,"b_CAPE",1.00022894660218,1078.15882201763,1352.97817664554
1991-01-01,"sigma",1.00136328985707,957.597497929843,1224.59477937805
1991-02-01,"b_Intercept",1.00319988679749,991.655259841626,1115.86222746563
1991-02-01,"b_CAPE",1.00409350448366,987.637415482757,1159.46666528091
1991-02-01,"sigma",1.00778958519748,1496.75776021796,1127.4497219919
1991-03-01,"b_Intercept",1.00489891390053,962.18477192748,991.018495515389
1991-03-01,"b_CAPE",1.00891284728194,989.688687383166,1029.47375594763
1991-03-01,"sigma",1.00145878546009,1519.86326009607,1450.90972827553
1991-04-01,"b_Intercept",1.0001356554352,1064.46869584726,1121.62798457715
1991-04-01,"b_CAPE",1.00048937249147,1088.51276204818,1255.47159575103
1991-04-01,"sigma",0.999710241953803,1574.23093979068,1342.34661332011
1991-05-01,"b_Intercept",1.00221165283763,1185.85440012244,1214.80968141399
1991-05-01,"b_CAPE",1.00375454666172,1205.08342557782,1303.43589336778
1991-05-01,"sigma",1.00267685522838,1278.10380772217,1039.59958335696
1991-06-01,"b_Intercept",1.00119735001501,975.234528327986,871.282907906675
1991-06-01,"b_CAPE",1.00157664744487,951.158374469736,816.908608455529
1991-06-01,"sigma",1.00022321758871,1273.5761338802,1145.75158117592
1991-07-01,"b_Intercept",1.0024459699448,923.993967373347,1069.65686885913
1991-07-01,"b_CAPE",1.0018093741581,921.834861886294,975.215431293707
1991-07-01,"sigma",1.00166930578288,1361.99223919789,1109.90014593897
1991-08-01,"b_Intercept",1.00102140221245,966.655519751998,1024.69898706405
1991-08-01,"b_CAPE",1.00081149524488,989.07958826612,1094.48812653652
1991-08-01,"sigma",1.00302974289515,1214.16314084088,1193.61763176921
1991-09-01,"b_Intercept",1.0007995802132,842.638602080146,788.154416999765
1991-09-01,"b_CAPE",1.00157913514491,884.789231453229,855.38952829146
1991-09-01,"sigma",1.00138442933382,1445.96188525002,1383.99118375415
1991-10-01,"b_Intercept",1.00142521868796,1000.12927742829,1038.62141780802
1991-10-01,"b_CAPE",1.00093547126367,1007.95151733309,1122.4036477767
1991-10-01,"sigma",1.00002328325645,1640.26640008231,1512.09591491026
1991-11-01,"b_Intercept",1.00160945570235,1090.4247247807,1113.31647381476
1991-11-01,"b_CAPE",1.00211812074724,1050.16813464029,1088.77827946437
1991-11-01,"sigma",0.999792517296455,1622.23111710503,1612.95907853948
1991-12-01,"b_Intercept",1.00062287031518,1121.63248036256,1160.38894545154
1991-12-01,"b_CAPE",1.00099135702298,1100.5554736274,1138.1268168255
1991-12-01,"sigma",1.00033955648771,1695.95564409492,1546.06782259502
1992-01-01,"b_Intercept",1.00016856978191,977.070163193318,813.55587261509
1992-01-01,"b_CAPE",0.9999800767522,974.51578341277,956.026866371342
1992-01-01,"sigma",1.00136934537995,1029.89438574631,1173.76935959371
1992-02-01,"b_Intercept",1.00028692133966,1063.52585675168,1239.20837365102
1992-02-01,"b_CAPE",1.0010528566601,1092.1133742662,1199.19989727201
1992-02-01,"sigma",0.999776921191014,1595.65704941649,1433.53903206571
1992-03-01,"b_Intercept",0.999862072362888,954.660800673222,1259.8621412063
1992-03-01,"b_CAPE",1.00087678559649,941.84558810688,1314.80937422138
1992-03-01,"sigma",0.999910708639106,1158.41111160445,1162.67013595595
1992-04-01,"b_Intercept",1.00062119415151,985.508416621732,1232.1288266276
1992-04-01,"b_CAPE",1.00059770398838,988.608427149674,1191.79580466527
1992-04-01,"sigma",0.999866845767665,1211.25749876336,831.214817172111
1992-05-01,"b_Intercept",1.00077690785884,1142.14159361358,1423.29658134935
1992-05-01,"b_CAPE",1.00162106585186,1157.84342906254,1403.66998015313
1992-05-01,"sigma",1.00130360420374,1367.02582786103,1234.89151349521
1992-06-01,"b_Intercept",1.00031363140652,1056.67993324127,1155.28795397928
1992-06-01,"b_CAPE",1.00018407797225,1060.73397332019,1081.11488095768
1992-06-01,"sigma",1.00041971697946,1471.71816491695,1257.51479097388
1992-07-01,"b_Intercept",1.00034622486978,1123.15339776567,1173.01868742577
1992-07-01,"b_CAPE",1.00087611753833,1099.56236868636,1275.50142859986
1992-07-01,"sigma",1.00003502180163,1424.4017952054,1455.94671190541
1992-08-01,"b_Intercept",1.00078356854909,1109.99081820244,1081.24142201809
1992-08-01,"b_CAPE",1.00030812361711,1108.01487618618,1152.41903723077
1992-08-01,"sigma",1.00029125683723,1212.70067040617,1141.40333071091
1992-09-01,"b_Intercept",0.999787915486091,1015.38836274862,899.169496595501
1992-09-01,"b_CAPE",0.99983585336564,998.947058234637,1056.1098089134
1992-09-01,"sigma",1.00002700024946,1387.3405709603,1245.46263715294
1992-10-01,"b_Intercept",1.00135176883063,909.440758439089,1052.3105489165
1992-10-01,"b_CAPE",1.00100928064878,908.374304672557,1051.9512049044
1992-10-01,"sigma",1.00016072707389,1465.20547856834,1513.20680762467
1992-11-01,"b_Intercept",0.999802820445824,1320.84449644355,1182.21136129491
1992-11-01,"b_CAPE",0.99981692478037,1312.21638534475,1395.0233090903
1992-11-01,"sigma",1.00203788095198,1205.28008587945,1129.20354294005
1992-12-01,"b_Intercept",1.00009002411545,1185.18974498485,1016.12762819205
1992-12-01,"b_CAPE",0.999936693033371,1206.94206713995,1015.77304891851
1992-12-01,"sigma",1.00012086401477,1431.96085683246,1319.62023601971
1993-01-01,"b_Intercept",1.00041249286488,1009.14678918813,962.623276061223
1993-01-01,"b_CAPE",1.00069018598296,1038.34731455147,1082.29446393387
1993-01-01,"sigma",1.00108085444976,1412.21576152826,1163.0126448961
1993-02-01,"b_Intercept",0.999978058383826,1012.22849221238,983.978642926832
1993-02-01,"b_CAPE",0.999879408815638,983.810746632899,971.374690659749
1993-02-01,"sigma",1.00152206296632,1265.06251706742,1316.53921269821
1993-03-01,"b_Intercept",1.00210331551159,994.029249998082,994.372109533351
1993-03-01,"b_CAPE",1.00277161081584,1016.06632738363,1029.0318116568
1993-03-01,"sigma",1.00006575440435,1293.9943771516,1356.44174528367
1993-04-01,"b_Intercept",0.999764869941493,845.830679648529,949.281038300447
1993-04-01,"b_CAPE",0.999719255679892,855.560202831694,969.806417732153
1993-04-01,"sigma",0.999977184415961,1457.81402735662,1188.42435935267
1993-05-01,"b_Intercept",0.999709505737443,1245.95865114835,1203.50150125095
1993-05-01,"b_CAPE",0.999824862077813,1263.71391735363,1313.52104242592
1993-05-01,"sigma",1.00369624380575,1778.95413414519,1474.43189680165
1993-06-01,"b_Intercept",1.00107932017594,1177.01336296407,1383.14434138502
1993-06-01,"b_CAPE",1.00070988225191,1119.7185740741,1391.27000969282
1993-06-01,"sigma",1.00072979078474,1552.82696524318,1219.38370347762
1993-07-01,"b_Intercept",1.00022193633055,982.351207052569,1184.34708050152
1993-07-01,"b_CAPE",1.00018844738856,996.628812759512,1109.54256975696
1993-07-01,"sigma",0.999709033589687,1471.55086857769,1403.41331088107
1993-08-01,"b_Intercept",1.00203415822763,987.989263088594,960.144899006312
1993-08-01,"b_CAPE",1.00146443545582,968.225187186356,985.771335631571
1993-08-01,"sigma",0.999709376191188,1049.11329902124,1056.14916188456
1993-09-01,"b_Intercept",1.00091079762143,1116.1530038759,1316.64195650787
1993-09-01,"b_CAPE",1.00124434315066,1135.148960179,1208.40761541587
1993-09-01,"sigma",1.00036482009632,1543.7571441055,1369.34183335799
1993-10-01,"b_Intercept",1.00039772649524,1021.21039197152,1278.01530007263
1993-10-01,"b_CAPE",1.0001473450486,1028.72676981241,1267.18866583407
1993-10-01,"sigma",0.999701589693901,1546.17931776754,1368.23525796913
1993-11-01,"b_Intercept",1.00112801484402,958.36389492641,900.427552305254
1993-11-01,"b_CAPE",1.00149085593751,926.619319029402,908.372465567641
1993-11-01,"sigma",1.00021702399799,1358.80157847461,1372.07131674588
1993-12-01,"b_Intercept",1.00084540492871,995.086221490061,1080.24153515028
1993-12-01,"b_CAPE",1.00100466426392,927.991393495581,1022.97700501011
1993-12-01,"sigma",0.999711230428083,1275.82287108768,1337.48276365182
1994-01-01,"b_Intercept",1.00007553348561,1097.38632085718,1255.70862760939
1994-01-01,"b_CAPE",1.00000833533443,1119.92156108506,1204.09008618886
1994-01-01,"sigma",0.999775094512287,1296.21215727765,1437.64863046127
1994-02-01,"b_Intercept",1.00323152406367,1170.4984427974,1254.346486891
1994-02-01,"b_CAPE",1.00355771437273,1139.52404610663,1191.53415366975
1994-02-01,"sigma",1.00037880255917,1468.06305093041,1225.81609366824
1994-03-01,"b_Intercept",1.00068723767223,944.762286413411,1216.89247398815
1994-03-01,"b_CAPE",1.00046412914714,935.568037213486,1022.37468028045
1994-03-01,"sigma",1.00014902181787,1480.59689554194,1273.03754927866
1994-04-01,"b_Intercept",1.00126911255071,1056.61268692135,1194.70978049411
1994-04-01,"b_CAPE",1.00120565988386,1064.49429011364,1210.78373834645
1994-04-01,"sigma",0.999885696994053,1506.63058088983,1417.97590148979
1994-05-01,"b_Intercept",0.999903216602791,856.031257398029,1032.72476382207
1994-05-01,"b_CAPE",1.00003564930523,890.511214615446,1016.60489834064
1994-05-01,"sigma",1.00167404116502,1618.73782263127,1488.68656272241
1994-06-01,"b_Intercept",1.00204841432984,1144.73639852425,1209.21015000084
1994-06-01,"b_CAPE",1.00085548002362,1164.77726500141,1254.27724982865
1994-06-01,"sigma",1.00030281316176,1499.50094273304,1423.60463319942
1994-07-01,"b_Intercept",1.00480498734155,949.523940383209,907.390798512501
1994-07-01,"b_CAPE",1.00514864076524,976.992835048528,1069.03019637193
1994-07-01,"sigma",1.0001706566377,1621.1541297663,1506.07011607686
1994-08-01,"b_Intercept",0.999672471577903,1014.24468294015,1003.98180134122
1994-08-01,"b_CAPE",0.999712703041947,1020.89279871683,911.536004863175
1994-08-01,"sigma",1.00027977233169,1443.1902966878,1586.51816847601
1994-09-01,"b_Intercept",1.00046288939204,1198.81548206475,1192.89181150898
1994-09-01,"b_CAPE",1.00131388018902,1208.3052480445,1213.21237090014
1994-09-01,"sigma",1.00012601538882,1498.9137673451,1225.15058957283
1994-10-01,"b_Intercept",1.00214847147291,927.206322506154,1291.16514596576
1994-10-01,"b_CAPE",1.0019542132087,921.965256937686,1301.58513322874
1994-10-01,"sigma",0.999881537393006,1238.97846819228,1441.28542709516
1994-11-01,"b_Intercept",0.999790014301537,1077.61875258787,1199.15449881605
1994-11-01,"b_CAPE",0.999707924676597,1065.02510151348,1252.41141468151
1994-11-01,"sigma",1.00087178725976,1434.56096330286,1081.67971047596
1994-12-01,"b_Intercept",1.00019523410653,1112.51718450755,1047.16113811386
1994-12-01,"b_CAPE",1.00015343326897,1123.70039094893,1057.42372546134
1994-12-01,"sigma",1.00106114793264,1555.5540017426,1210.02237819167
1995-01-01,"b_Intercept",1.0000264413531,1063.65538223519,1060.43911542016
1995-01-01,"b_CAPE",0.999841022325756,1041.79912515446,1041.27870947831
1995-01-01,"sigma",1.00003451006429,1523.23372602809,1196.80662179403
1995-02-01,"b_Intercept",1.00047065522704,1108.17560298516,1155.74752710596
1995-02-01,"b_CAPE",1.00011934148962,1122.88999964978,1176.45756056041
1995-02-01,"sigma",0.999955033238731,1546.99444556789,1193.2002660988
1995-03-01,"b_Intercept",1.00260181690382,1093.82076677524,1329.35518749784
1995-03-01,"b_CAPE",1.0019758281726,1099.599305731,1271.87489462134
1995-03-01,"sigma",0.999729894848598,1216.56936730966,1310.81497766679
1995-04-01,"b_Intercept",1.00057878121924,1019.38385348647,1381.13244487335
1995-04-01,"b_CAPE",1.00036286712781,1029.32799617678,1384.40758477706
1995-04-01,"sigma",1.00041841711533,1176.15274630768,1250.2131442559
1995-05-01,"b_Intercept",1.00630414441179,919.601886730719,1055.39974735814
1995-05-01,"b_CAPE",1.00484679368841,869.051179656976,1147.68620065068
1995-05-01,"sigma",0.999729596552117,1701.26452293048,1604.73354733203
1995-06-01,"b_Intercept",1.00211981686404,1164.25222293388,1151.84103863539
1995-06-01,"b_CAPE",1.00269971479201,1178.74342425233,1049.4947641336
1995-06-01,"sigma",1.00106674083293,1270.87777594311,1425.26581508541
1995-07-01,"b_Intercept",1.00045099003528,1013.05311316794,1081.75666008687
1995-07-01,"b_CAPE",1.00073256657337,1017.57733023321,1094.79283079175
1995-07-01,"sigma",1.0027137076945,1493.75329318745,1347.04574807522
1995-08-01,"b_Intercept",1.00001528939188,1247.27550015992,1208.90895150495
1995-08-01,"b_CAPE",1.00043933418246,1218.6707777442,1318.58632085735
1995-08-01,"sigma",0.999755733846635,1570.58040465014,1546.06782259502
1995-09-01,"b_Intercept",0.999742790699506,1049.84514980801,1380.67441749898
1995-09-01,"b_CAPE",0.999839918843638,1064.09203603858,1347.17803716919
1995-09-01,"sigma",1.00010322397141,1564.32453735634,1396.27430680797
1995-10-01,"b_Intercept",1.00116468024637,1031.92748801553,1195.61713434246
1995-10-01,"b_CAPE",1.00100269015543,1007.41299975901,1322.5441693759
1995-10-01,"sigma",0.999871892367489,1545.0637403718,1459.39848899753
1995-11-01,"b_Intercept",1.00059512546103,1069.53402563774,1201.4378581754
1995-11-01,"b_CAPE",1.00040349564823,1074.64207124913,1302.86148722731
1995-11-01,"sigma",0.999896453159935,1469.96108244088,1333.78653132425
1995-12-01,"b_Intercept",0.999700439719253,969.844390813689,975.797690478895
1995-12-01,"b_CAPE",1.00016510407278,1028.69754538339,1101.10866866649
1995-12-01,"sigma",1.00007256450642,1246.46828345349,1148.38423492795
1996-01-01,"b_Intercept",1.00406006801668,730.129456509476,603.951905675312
1996-01-01,"b_CAPE",1.00481622831845,744.822824504897,541.52614311264
1996-01-01,"sigma",0.999860077609091,1584.792530212,1481.74805349645
1996-02-01,"b_Intercept",0.999934309267825,1096.92260249482,952.649199428144
1996-02-01,"b_CAPE",0.99980789391916,1157.97848308478,1089.71310105026
1996-02-01,"sigma",1.00023903164208,1472.61410562437,1330.79628467709
1996-03-01,"b_Intercept",1.00174034862253,1185.18121186755,1234.28596461558
1996-03-01,"b_CAPE",1.00071876702837,1173.48136841159,1172.60898046137
1996-03-01,"sigma",1.00352399207586,1441.09493723354,1511.26127766048
1996-04-01,"b_Intercept",1.00006683855257,978.699830159432,1227.18689137325
1996-04-01,"b_CAPE",0.999930707831306,968.965869988103,1019.48476275353
1996-04-01,"sigma",1.00081866491065,1293.78736968662,1247.27737179103
1996-05-01,"b_Intercept",0.999839443067017,1104.52397300798,1122.64110207441
1996-05-01,"b_CAPE",0.999958090002346,1109.13894500694,1157.40529985807
1996-05-01,"sigma",1.00076800168369,1327.06690999428,1167.02683832822
1996-06-01,"b_Intercept",1.00008817741849,1206.36974485189,1145.84694902042
1996-06-01,"b_CAPE",0.999718753231123,1172.74419180865,1032.8853474014
1996-06-01,"sigma",1.00025789818513,1507.1061633529,1429.01194744985
1996-07-01,"b_Intercept",1.00511223580111,993.278174023471,963.267099767195
1996-07-01,"b_CAPE",1.00658673176403,1003.76158806907,867.741204829948
1996-07-01,"sigma",1.00216418538028,1504.24235587406,1641.57703944405
1996-08-01,"b_Intercept",1.00055469097394,868.256685306362,1021.92430566091
1996-08-01,"b_CAPE",1.00024642520555,869.570485913492,1164.05486452182
1996-08-01,"sigma",0.999991821855867,1694.49361682814,1328.02717489864
1996-09-01,"b_Intercept",1.00375098811942,1241.4946655859,1282.4992678889
1996-09-01,"b_CAPE",1.00493804920809,1191.92391787419,1377.04956087786
1996-09-01,"sigma",1.00066532015555,1440.63332715857,1387.62337744734
1996-10-01,"b_Intercept",1.00516438434922,1143.95091195205,1358.47916289292
1996-10-01,"b_CAPE",1.00359631603352,1152.96491698147,1450.91527671323
1996-10-01,"sigma",1.00298424125478,1564.56046067454,1190.06475292863
1996-11-01,"b_Intercept",1.00240474596323,946.793097122463,1152.38909598916
1996-11-01,"b_CAPE",1.0033615839045,942.455354345497,1104.48977666664
1996-11-01,"sigma",1.00044202144837,1462.95533216997,1406.26449996452
1996-12-01,"b_Intercept",1.00181217262049,915.155780728726,1070.71596978163
1996-12-01,"b_CAPE",1.00191568948553,971.055786520296,1024.23779716178
1996-12-01,"sigma",0.999901913860106,1544.65850426896,1293.70767053396
1997-01-01,"b_Intercept",0.999735090515469,1187.72754367188,1154.04892637442
1997-01-01,"b_CAPE",0.999788558371269,1224.87720929766,1233.55493242283
1997-01-01,"sigma",1.00026478260195,1293.34362442404,1238.02238400512
1997-02-01,"b_Intercept",1.00039429848011,767.387236606594,774.247807559791
1997-02-01,"b_CAPE",1.00101140053744,720.834595903346,841.145054995222
1997-02-01,"sigma",1.00153139171919,1330.27367536856,1237.91455424809
1997-03-01,"b_Intercept",0.99972443376956,1083.51666097242,1072.15423072179
1997-03-01,"b_CAPE",0.999876116900364,1093.59400942793,1171.31656950632
1997-03-01,"sigma",1.00021768313818,1488.11795702585,1096.41972181083
1997-04-01,"b_Intercept",0.999926688470382,1113.74014514047,1211.7076093735
1997-04-01,"b_CAPE",1.0001959975522,1124.30096657937,1262.61485104946
1997-04-01,"sigma",0.999723951773813,1498.25776563262,1392.6025271744
1997-05-01,"b_Intercept",1.00142201112927,908.559501050525,1147.04216811437
1997-05-01,"b_CAPE",1.00054447449815,918.933249353713,953.492422783901
1997-05-01,"sigma",1.00542511940778,1340.07141554318,1072.92623302992
1997-06-01,"b_Intercept",0.999865662385434,954.985430866129,1251.61992172012
1997-06-01,"b_CAPE",0.999715046326613,939.914991414757,1092.37264279454
1997-06-01,"sigma",1.00007139407213,1326.31321143906,1543.95134803371
1997-07-01,"b_Intercept",1.00142612659549,975.051892127884,949.398770436002
1997-07-01,"b_CAPE",1.00130619156483,937.616153210668,979.968858331558
1997-07-01,"sigma",1.00175051701717,1460.27515764415,1143.01218158176
1997-08-01,"b_Intercept",1.0002960561149,1025.11037505186,1119.06705779023
1997-08-01,"b_CAPE",1.00037620059593,1051.04141838138,1169.98374883613
1997-08-01,"sigma",1.0012443071919,1465.02260920965,1423.10165775975
1997-09-01,"b_Intercept",1.00007013609209,1086.7540940079,1317.4911668286
1997-09-01,"b_CAPE",1.00020953264432,1099.00806824494,1309.55911631654
1997-09-01,"sigma",1.0020167379409,1325.22114454626,1072.93944272831
1997-10-01,"b_Intercept",1.00062384081689,846.018604242948,832.773898946515
1997-10-01,"b_CAPE",1.0015511993362,860.569312111435,947.47073390393
1997-10-01,"sigma",1.00098918037863,1530.49785865886,1598.31036281224
1997-11-01,"b_Intercept",1.0002773149186,1187.92038010879,1155.93151424099
1997-11-01,"b_CAPE",0.999846843596507,1173.40257684262,1071.29576971024
1997-11-01,"sigma",1.00144220637982,1543.50093254378,1197.89861417746
1997-12-01,"b_Intercept",1.00174461650303,1116.77810333245,1024.99259022645
1997-12-01,"b_CAPE",1.00153512261061,1119.20605385613,1137.07148546939
1997-12-01,"sigma",0.999883176800062,1510.31246354156,1164.99145197349
1998-01-01,"b_Intercept",1.00474223006789,1152.81102916692,925.64507803725
1998-01-01,"b_CAPE",1.00360422165446,1148.65324891268,899.233135578993
1998-01-01,"sigma",1.00002645562194,1465.13885755435,1233.57180499879
1998-02-01,"b_Intercept",0.999705391792483,951.641226254538,1293.48149843119
1998-02-01,"b_CAPE",0.999686713259004,916.584896573472,1283.92064016229
1998-02-01,"sigma",1.00125555459375,1492.31169907862,1231.7835107643
1998-03-01,"b_Intercept",1.00003000393072,968.348593954954,1055.49808119516
1998-03-01,"b_CAPE",0.999936567841845,987.792390897343,1056.9347222717
1998-03-01,"sigma",1.00058974436768,1450.03253172017,1433.49754953872
1998-04-01,"b_Intercept",1.00003886011259,900.470063740599,1037.04125283138
1998-04-01,"b_CAPE",0.9998651047294,920.105064772277,1002.32694932196
1998-04-01,"sigma",0.999710086936734,1506.17928850276,1166.14109890943
1998-05-01,"b_Intercept",1.00003163130074,1149.84961614177,1163.87480829936
1998-05-01,"b_CAPE",1.00025754876716,1142.86964259674,1304.14585404807
1998-05-01,"sigma",1.00102309978261,1478.60913340381,1411.13941630671
1998-06-01,"b_Intercept",1.00119302406718,997.650657410662,1194.36726182167
1998-06-01,"b_CAPE",1.00113939977422,1011.01474837943,1063.83277209664
1998-06-01,"sigma",1.00041055595911,1237.09296890324,1223.04701677878
1998-07-01,"b_Intercept",0.999669360602172,1207.73917351052,1257.51479097388
1998-07-01,"b_CAPE",0.999695913481699,1200.35882979703,1397.55050750175
1998-07-01,"sigma",1.00244871115629,1506.66903135461,1366.35591200439
1998-08-01,"b_Intercept",1.0017523472556,1084.37125088241,1160.39426990415
1998-08-01,"b_CAPE",1.0025485822736,1072.62223989439,1315.41132121479
1998-08-01,"sigma",1.00030747869109,1520.15723456132,1214.82388500736
1998-09-01,"b_Intercept",1.00047909970655,989.44959352125,1222.04480700447
1998-09-01,"b_CAPE",1.00021577695464,960.613109717785,1400.23825250041
1998-09-01,"sigma",1.00047195707252,1570.75603041583,1413.18085618894
1998-10-01,"b_Intercept",1.00597417713194,999.526028744521,1003.48570259627
1998-10-01,"b_CAPE",1.00411629649664,1017.91120876383,1107.87011713647
1998-10-01,"sigma",1.00321953618484,1443.35958553012,1482.43831290307
1998-11-01,"b_Intercept",1.00052165203426,1016.39028169424,1045.74483636406
1998-11-01,"b_CAPE",1.00031177223227,997.045566799293,1149.67915884577
1998-11-01,"sigma",1.00053383938066,1492.75173564363,1458.27908671081
1998-12-01,"b_Intercept",1.00075978365859,1208.11183372152,1122.93919544705
1998-12-01,"b_CAPE",1.00028718146929,1192.00470024583,1268.03799314643
1998-12-01,"sigma",1.00145610170505,1482.32860478743,1267.85589584888
1999-01-01,"b_Intercept",1.00098882780546,1366.09891451543,1371.31879195396
1999-01-01,"b_CAPE",1.00051482713068,1284.31306697479,1347.50981885189
1999-01-01,"sigma",1.00044017488857,1534.42904837412,1210.93447010289
1999-02-01,"b_Intercept",1.00121231388484,1033.94337238881,1103.2741642533
1999-02-01,"b_CAPE",1.00137531142363,994.96932707008,920.191337164407
1999-02-01,"sigma",1.00023939947026,1321.42995770719,1314.9893043916
1999-03-01,"b_Intercept",1.0007575312561,1110.09341364286,1116.60068323126
1999-03-01,"b_CAPE",1.0004833009232,1113.13019999382,1069.50051858468
1999-03-01,"sigma",1.00025427747669,1383.5880836252,1274.49344378459
1999-04-01,"b_Intercept",1.00025797464553,1159.52635633555,1407.04655689453
1999-04-01,"b_CAPE",1.00019709418447,1154.30666548056,1440.7605661697
1999-04-01,"sigma",1.00072269740978,1497.13838052003,1507.73908075122
1999-05-01,"b_Intercept",1.00128475084355,1056.54972800231,1285.33082052697
1999-05-01,"b_CAPE",1.00201270347219,1083.57005637099,1358.09413911284
1999-05-01,"sigma",0.999908198927878,1543.88317756589,1316.52530527877
1999-06-01,"b_Intercept",1.00088365829521,1053.0892386431,1420.29475546958
1999-06-01,"b_CAPE",1.00138172527385,1074.20577776514,1519.80188070079
1999-06-01,"sigma",0.999842317834601,1564.87106077099,1535.29817283901
1999-07-01,"b_Intercept",1.0000797279571,1111.96454677639,1358.92605912474
1999-07-01,"b_CAPE",1.00042253134431,1087.37669672491,1219.99686522368
1999-07-01,"sigma",1.00007527019863,1700.85582465715,1664.99952580607
1999-08-01,"b_Intercept",1.00637951575626,919.432263213828,1178.16924891936
1999-08-01,"b_CAPE",1.00719850339756,998.161974531284,1087.1309127075
1999-08-01,"sigma",1.00328296958487,1539.3796269598,1317.06873139067
1999-09-01,"b_Intercept",0.999964380197383,881.922667214366,1125.31415672199
1999-09-01,"b_CAPE",0.999921004691445,868.892325162769,992.649804839391
1999-09-01,"sigma",1.00027615216254,1642.14216287574,1523.47876867487
1999-10-01,"b_Intercept",1.00032573117157,1023.54100451097,754.309917989661
1999-10-01,"b_CAPE",1.00048002621644,996.847649572915,872.112809708099
1999-10-01,"sigma",1.00200305873169,1335.70728953134,1192.80344851046
1999-11-01,"b_Intercept",1.00037795853202,1148.36222608549,1190.39106049236
1999-11-01,"b_CAPE",1.00046929637869,1144.36706095913,1260.37467945659
1999-11-01,"sigma",1.0037025301134,1538.62605518196,1411.97947655228
1999-12-01,"b_Intercept",1.00170528323355,1035.59092267366,1258.59069451446
1999-12-01,"b_CAPE",1.00069626788306,1024.52270876579,1210.9829043331
1999-12-01,"sigma",1.0028214517203,1522.63206752032,1235.97964543944
2000-01-01,"b_Intercept",1.00452394267188,1180.82138104203,1283.3829933086
2000-01-01,"b_CAPE",1.00354491289321,1167.97120579371,1201.73214348524
2000-01-01,"sigma",0.99975343868898,1448.37210849884,1138.81268949449
2000-02-01,"b_Intercept",1.00009377310807,1082.06202385381,1122.92975955521
2000-02-01,"b_CAPE",1.00047570518271,1110.52869110352,1212.51681160439
2000-02-01,"sigma",1.00005326561242,1362.14782160979,1419.77521128226
2000-03-01,"b_Intercept",1.00001309190443,1195.72605880586,1062.55821740314
2000-03-01,"b_CAPE",1.00030164208356,1151.35743827958,962.561694027772
2000-03-01,"sigma",1.00067159842882,1703.55572374575,1309.00129543658
2000-04-01,"b_Intercept",0.999775448207259,1175.70533096201,1294.8856781053
2000-04-01,"b_CAPE",0.999821496114571,1165.95020201695,1345.66328071369
2000-04-01,"sigma",0.999788336497691,1422.36171284996,1523.86836489422
2000-05-01,"b_Intercept",1.00207627629607,1048.62141046268,1154.83151540495
2000-05-01,"b_CAPE",1.00183518960882,1034.39372969034,1199.74195711167
2000-05-01,"sigma",1.00015275588504,1645.51084503438,1477.28990393558
2000-06-01,"b_Intercept",1.00162390073062,1122.34352444827,1208.42231450357
2000-06-01,"b_CAPE",1.00351600029575,1129.70430117111,1076.61559016904
2000-06-01,"sigma",1.00055334293375,1362.26281681784,1378.6500698631
2000-07-01,"b_Intercept",1.00018947326745,1074.39033762536,1225.44272101173
2000-07-01,"b_CAPE",1.00000320543432,1080.59062279504,1115.75249346168
2000-07-01,"sigma",1.00032220474459,1366.42831994278,1234.47215531962
2000-08-01,"b_Intercept",1.00344231860142,1100.69574594932,1125.50077609899
2000-08-01,"b_CAPE",1.00312408917481,1093.09759127998,1105.36646882819
2000-08-01,"sigma",1.00079216504964,1570.43508042869,1482.26217698847
2000-09-01,"b_Intercept",0.999933837688693,897.296629553232,1164.92946422645
2000-09-01,"b_CAPE",0.999922427882822,907.230267196875,1222.17232337636
2000-09-01,"sigma",1.00025312502133,1426.79144272459,1352.10611853267
2000-10-01,"b_Intercept",1.00089084258942,1064.45863756258,1326.34997958977
2000-10-01,"b_CAPE",1.00112374491789,1043.32699158906,1228.10885074336
2000-10-01,"sigma",1.00070240182743,1408.89580350066,1384.52055926381
2000-11-01,"b_Intercept",1.00003292785483,1260.46066962863,1327.62146034488
2000-11-01,"b_CAPE",0.999929753585852,1270.52790185397,1273.52098696161
2000-11-01,"sigma",1.00338769069884,1477.72625500611,1274.73462692861
2000-12-01,"b_Intercept",1.00458270386932,1268.1623252278,1360.67204489593
2000-12-01,"b_CAPE",1.00442431594533,1250.69825503103,1314.22734411088
2000-12-01,"sigma",1.00130549601179,1463.87544364844,1266.03419073186
2001-01-01,"b_Intercept",1.00154658322387,1125.49133959803,1291.67572378319
2001-01-01,"b_CAPE",1.00099194688508,1126.11742009807,1045.71560494668
2001-01-01,"sigma",0.999841237031621,1317.25173112961,1285.22264064266
2001-02-01,"b_Intercept",1.00055377735236,869.482356405611,1012.04969790546
2001-02-01,"b_CAPE",1.00058683148665,839.433133508298,1031.8019420232
2001-02-01,"sigma",0.999821626155595,1425.57957683594,1231.45241692363
2001-03-01,"b_Intercept",1.00142810645068,1021.09611744143,970.122754792225
2001-03-01,"b_CAPE",1.00106926891116,1027.46053625791,994.934208993727
2001-03-01,"sigma",0.999763718368772,1412.07564229204,1346.17212313673
2001-04-01,"b_Intercept",1.0012875338342,1277.82883309049,1089.23138871082
2001-04-01,"b_CAPE",1.00209978384501,1279.55427491158,1258.740471608
2001-04-01,"sigma",1.00159080285743,1429.69449785717,1255.83548557912
2001-05-01,"b_Intercept",1.00073734238821,1158.32152377183,1401.93186692815
2001-05-01,"b_CAPE",1.00056838919663,1174.4156278353,1332.93888969559
2001-05-01,"sigma",1.00031185101132,1403.40970711015,1644.21153047175
2001-06-01,"b_Intercept",0.999671127841014,1089.92296887222,1142.72080857387
2001-06-01,"b_CAPE",0.999733764159199,1110.57423658564,1248.66073330556
2001-06-01,"sigma",0.999829389035849,1540.82892846602,1335.23957876775
2001-07-01,"b_Intercept",0.999853207184262,1052.27187566423,927.353788156417
2001-07-01,"b_CAPE",0.99974531478288,1064.28924573626,909.829957342298
2001-07-01,"sigma",1.00154687449333,1286.45423527303,1129.92703757987
2001-08-01,"b_Intercept",1.00045310902542,1048.81279825904,1261.75945010182
2001-08-01,"b_CAPE",1.00049612340601,1018.31004005982,1257.42883216649
2001-08-01,"sigma",1.00009964710672,1422.90421689624,1452.62590758616
2001-09-01,"b_Intercept",0.999840642556153,1081.31620076163,1105.15579674822
2001-09-01,"b_CAPE",0.999791486607362,1085.11264527685,952.848067816147
2001-09-01,"sigma",1.00021331303661,1462.05292244766,1413.47246216506
2001-10-01,"b_Intercept",1.00206012273569,919.983566812587,868.297540080624
2001-10-01,"b_CAPE",1.00240157126573,913.327053662472,1054.43030862902
2001-10-01,"sigma",1.00107648616456,1466.75495468017,1020.13781699945
2001-11-01,"b_Intercept",0.999882644215016,1113.02421001893,1165.46102771724
2001-11-01,"b_CAPE",0.999753975184988,1124.60033551314,1201.41915614327
2001-11-01,"sigma",1.00103748048131,1536.20288404242,1388.69081236819
2001-12-01,"b_Intercept",1.00146178856508,1086.2608370929,1309.32661796017
2001-12-01,"b_CAPE",1.00217304610657,1075.3283222264,1114.51335313577
2001-12-01,"sigma",1.00008759677927,1185.1651734239,1384.82680789224
2002-01-01,"b_Intercept",1.00290261356471,865.920001683969,1170.80696938247
2002-01-01,"b_CAPE",1.00273884232271,868.785064397839,1079.85879477811
2002-01-01,"sigma",1.00015271856016,1381.61785622315,1294.58196693273
2002-02-01,"b_Intercept",1.00071893152916,1202.39308199525,1232.1130505238
2002-02-01,"b_CAPE",1.0001843540076,1200.67255840716,1194.07866947995
2002-02-01,"sigma",1.00037103477982,1412.90121259254,1309.94735864265
2002-03-01,"b_Intercept",1.00596319207737,942.504782465965,1054.42029560647
2002-03-01,"b_CAPE",1.00530499999025,1000.33434897673,1109.02518103176
2002-03-01,"sigma",1.00258453185413,1327.05520163457,1069.43478300491
2002-04-01,"b_Intercept",1.01294578492597,988.502771673962,1227.91976668391
2002-04-01,"b_CAPE",1.01221083920357,951.313964094341,1183.98740262826
2002-04-01,"sigma",1.00076924001265,1397.95279113701,1369.09844665811
2002-05-01,"b_Intercept",1.00071164263428,1078.8685860958,1422.81635860161
2002-05-01,"b_CAPE",1.00064730820918,1058.39417690844,1281.51252148874
2002-05-01,"sigma",0.999690148181317,1555.75499370874,1254.82153799152
2002-06-01,"b_Intercept",1.00183038970976,964.640731475149,1225.21906155347
2002-06-01,"b_CAPE",1.00208439938487,976.324032081046,1394.72297922664
2002-06-01,"sigma",1.00040904237393,1461.18786977821,1237.75838362964
2002-07-01,"b_Intercept",1.00011699026157,1031.59033910312,1201.38779164989
2002-07-01,"b_CAPE",0.999924781020926,1020.21865357263,1185.85019141775
2002-07-01,"sigma",1.00024091905691,1383.41322002388,1316.6385687411
2002-08-01,"b_Intercept",1.00067701064272,1003.35295684333,1099.44444856596
2002-08-01,"b_CAPE",1.00169289419816,1022.41872311233,1144.90133583397
2002-08-01,"sigma",0.99992611699456,1410.60862018531,1322.91317591577
2002-09-01,"b_Intercept",1.00136665912114,804.602878787878,1306.46506249091
2002-09-01,"b_CAPE",1.00139232270661,811.209052188523,1382.79764971918
2002-09-01,"sigma",1.00028439402028,1462.41269717757,1209.04068142455
2002-10-01,"b_Intercept",1.00108286358486,768.834827698533,1204.94063324576
2002-10-01,"b_CAPE",1.00213639737324,692.200680438993,1224.62726426083
2002-10-01,"sigma",0.999845962327415,1237.54314463208,1108.12537650385
2002-11-01,"b_Intercept",1.00247457651753,1110.26228872848,1232.12922976952
2002-11-01,"b_CAPE",1.00218470176388,1119.81939500015,1072.07606475712
2002-11-01,"sigma",1.00272027370632,1397.12506425941,1402.40249915407
2002-12-01,"b_Intercept",1.00051914559267,993.439119495891,1466.0245453972
2002-12-01,"b_CAPE",1.00018810938031,1077.48728585934,1358.90616598798
2002-12-01,"sigma",0.999787293655838,1666.77252449161,1418.87966556002
2003-01-01,"b_Intercept",1.0024597848465,1167.54555795304,1321.05459597215
2003-01-01,"b_CAPE",1.0035962436891,1171.63126422125,1291.98127267361
2003-01-01,"sigma",1.0010929435304,1476.21348529386,1336.218629376
2003-02-01,"b_Intercept",1.00317322702374,1144.12313635013,1372.81662441121
2003-02-01,"b_CAPE",1.00136620000483,1049.79068833174,1239.04804195545
2003-02-01,"sigma",1.00161677782821,1567.10187226937,1400.33634849795
2003-03-01,"b_Intercept",1.0001379304759,1192.12408665961,1341.89949402914
2003-03-01,"b_CAPE",1.00075456713704,1167.28726404755,1226.73434348663
2003-03-01,"sigma",1.00096091465289,1443.91116310464,1388.29729006409
2003-04-01,"b_Intercept",0.999869837040938,1232.79920821797,1477.57139883253
2003-04-01,"b_CAPE",0.99988112883904,1219.77907043269,1392.86493321454
2003-04-01,"sigma",1.00017889840731,1525.58998440991,1546.67503695489
2003-05-01,"b_Intercept",0.999919542486801,998.903203407094,1222.67003330123
2003-05-01,"b_CAPE",0.99999121230628,1014.00134696821,1207.17752694615
2003-05-01,"sigma",0.999870190007902,1370.3827399431,983.388541842039
2003-06-01,"b_Intercept",1.00001672208991,1128.39990294782,1543.89779006836
2003-06-01,"b_CAPE",0.999939510402622,1072.26764324689,1391.32980358754
2003-06-01,"sigma",0.999750371914858,1417.34649446212,1368.41324323128
2003-07-01,"b_Intercept",1.00135735216322,1054.28309155793,939.47619007285
2003-07-01,"b_CAPE",1.00182155017467,1024.84655160776,910.491266457644
2003-07-01,"sigma",0.999838806090333,1437.63392898016,1236.59814896616
2003-08-01,"b_Intercept",1.00123422787813,894.538310999142,1101.23504798595
2003-08-01,"b_CAPE",1.00173942879546,903.192771736615,1055.82623930422
2003-08-01,"sigma",1.00127412429533,1286.1591072211,1327.0314183719
2003-09-01,"b_Intercept",0.99985358455371,1269.52419024518,1087.03066024353
2003-09-01,"b_CAPE",1.00024041910234,1272.78889213666,1095.94728088764
2003-09-01,"sigma",0.999710001192673,1399.27191540821,1422.88124902886
2003-10-01,"b_Intercept",1.00784308218919,1095.13888037673,952.558634124133
2003-10-01,"b_CAPE",1.00776384784822,1088.74289826987,1000.03045693325
2003-10-01,"sigma",1.00268303722167,1584.46957135188,1260.13645510186
2003-11-01,"b_Intercept",1.00278754618129,961.040628820384,1133.92295856945
2003-11-01,"b_CAPE",1.00154713288536,976.63891241507,1098.43902131148
2003-11-01,"sigma",1.00085160798685,1561.41015070908,1587.47548278057
2003-12-01,"b_Intercept",1.00363374888581,1094.81381856139,1128.56577411602
2003-12-01,"b_CAPE",1.00391990532507,1104.48787781341,1216.9489413943
2003-12-01,"sigma",1.0013601832636,1501.72203937309,1472.027354092
2004-01-01,"b_Intercept",0.999817303663995,829.146210567503,1054.19452803175
2004-01-01,"b_CAPE",1.00040518001032,835.073357256709,1056.112314037
2004-01-01,"sigma",1.00020620066246,1442.04230765199,1240.03026298914
2004-02-01,"b_Intercept",1.00025042973511,1176.44200713788,1278.90203714404
2004-02-01,"b_CAPE",1.00016478087878,1150.27799442603,1393.09978079014
2004-02-01,"sigma",1.00069546002759,1494.37511467759,1358.46497715844
2004-03-01,"b_Intercept",1.00192299774036,998.770791828654,1065.05697933864
2004-03-01,"b_CAPE",1.00219973059207,1013.36601455619,1108.41856103454
2004-03-01,"sigma",0.999840309356392,1358.88637263024,1032.64805464949
2004-04-01,"b_Intercept",1.00226876511381,922.974461998822,1008.45329911877
2004-04-01,"b_CAPE",1.0021649228054,956.448077588618,1087.55989621611
2004-04-01,"sigma",1.00048543099953,1306.11251294575,1084.85261054331
2004-05-01,"b_Intercept",1.00017657225317,1066.23462498658,1050.84523832138
2004-05-01,"b_CAPE",1.00028988896034,1076.35091050887,1135.22487465154
2004-05-01,"sigma",0.999900356321312,1494.10052181409,1478.24591350536
2004-06-01,"b_Intercept",0.999689847644727,1168.0959086966,1300.77196419538
2004-06-01,"b_CAPE",0.999891828139737,1153.19047106978,1158.24217256046
2004-06-01,"sigma",1.00231613000635,1629.90513569677,1426.9539558866
2004-07-01,"b_Intercept",1.00067619024183,1141.05869005975,1512.20713961833
2004-07-01,"b_CAPE",1.00019008536099,1140.64533314304,1492.42142644129
2004-07-01,"sigma",1.00038284242574,1466.81110072055,1375.59636061924
2004-08-01,"b_Intercept",0.999747389884073,964.126510141546,1190.84162207682
2004-08-01,"b_CAPE",0.999864437353446,969.981951696307,980.492562040418
2004-08-01,"sigma",1.00004951963044,1427.07001549013,1452.46024870388
2004-09-01,"b_Intercept",1.00420481790964,1185.8238258335,1424.76204402668
2004-09-01,"b_CAPE",1.00473585675124,1184.58249035668,1304.32626305994
2004-09-01,"sigma",1.00154251176725,1391.18457516343,1288.49294211146
2004-10-01,"b_Intercept",1.00189957655934,921.863476858591,1207.02897352081
2004-10-01,"b_CAPE",1.00207285274943,923.013327074837,1266.63202629409
2004-10-01,"sigma",1.0004400591971,1591.18948659035,1505.55046420559
2004-11-01,"b_Intercept",0.999849305348802,864.866392068392,1140.4252234218
2004-11-01,"b_CAPE",1.00006057400022,877.057757569479,1068.25039911467
2004-11-01,"sigma",0.999883409829555,1379.79099606041,1104.78658482864
2004-12-01,"b_Intercept",1.00049836667664,1058.31707835662,1032.24338456978
2004-12-01,"b_CAPE",1.000721402673,1067.04507981442,1058.41642592174
2004-12-01,"sigma",1.00167056432226,1308.14889251144,1267.49376001048
2005-01-01,"b_Intercept",1.00156521288651,1128.30206736623,1322.07344694098
2005-01-01,"b_CAPE",1.00093785054674,1193.08737772217,1258.14075428698
2005-01-01,"sigma",0.999790726027254,1297.99758325465,1239.17214989778
2005-02-01,"b_Intercept",1.00112500334795,947.074174294349,1305.54909840054
2005-02-01,"b_CAPE",1.00132690823339,978.289378636327,1344.84285445224
2005-02-01,"sigma",0.999958078800424,1344.33944542705,1282.57628269731
2005-03-01,"b_Intercept",0.999877981430567,947.578541199668,1062.02097275052
2005-03-01,"b_CAPE",0.999958568109157,959.322227117026,924.050710362445
2005-03-01,"sigma",0.999995940859899,1328.93959576793,1298.48798469566
2005-04-01,"b_Intercept",1.00003177599016,869.163057819367,995.565664054973
2005-04-01,"b_CAPE",1.00017615384507,897.499474444376,917.320874740659
2005-04-01,"sigma",1.00340783639042,1625.20866310591,1455.92685616401
2005-05-01,"b_Intercept",1.00094384309308,1037.6597476235,1246.34212569796
2005-05-01,"b_CAPE",1.00005413993164,1107.36353842368,1125.75212346808
2005-05-01,"sigma",0.999756299737173,1459.07945800049,1225.20136079434
2005-06-01,"b_Intercept",1.00180599267508,1018.62461965072,1031.93511177662
2005-06-01,"b_CAPE",1.00177633496601,995.755702076638,1036.55973976909
2005-06-01,"sigma",1.00050614054933,1575.99703509709,1359.33495422427
2005-07-01,"b_Intercept",1.00093552045791,1077.56853914212,1181.83943624919
2005-07-01,"b_CAPE",1.00113048342706,1072.77994543733,1388.78341691691
2005-07-01,"sigma",1.0036207538307,1456.80662115532,1257.64977761444
2005-08-01,"b_Intercept",1.00165302924347,1008.09627204642,926.577059903531
2005-08-01,"b_CAPE",1.00203426086569,1038.33709124371,885.771932476068
2005-08-01,"sigma",1.00367228848672,1415.4282014922,860.317812864043
2005-09-01,"b_Intercept",1.00013535800762,925.00464546237,1261.71128972101
2005-09-01,"b_CAPE",1.00035965286691,870.896343303114,1278.50453288214
2005-09-01,"sigma",1.00103159108379,1685.01888449296,1464.44032952125
2005-10-01,"b_Intercept",1.00091829478793,843.165749519598,840.774106837724
2005-10-01,"b_CAPE",1.00065673121711,826.102870433717,831.3843896256
2005-10-01,"sigma",1.00140035663246,1476.74231132758,1499.83531289619
2005-11-01,"b_Intercept",1.00415041606202,1097.68571705655,1092.94583942206
2005-11-01,"b_CAPE",1.00431086880406,1085.88876913048,1051.23750223077
2005-11-01,"sigma",1.0000079893182,1457.13674669832,1236.16590792255
2005-12-01,"b_Intercept",1.00456571651374,979.357786257322,1380.498023332
2005-12-01,"b_CAPE",1.00355378093456,1084.84081359856,1386.50202537548
2005-12-01,"sigma",1.0016404212561,1444.28777749023,1382.13826679642
2006-01-01,"b_Intercept",1.00079503648408,1016.7883342242,1160.28433171669
2006-01-01,"b_CAPE",1.00090351587857,1045.37729351022,1190.96508089601
2006-01-01,"sigma",1.00215987337762,1515.56776107463,1427.70194125679
2006-02-01,"b_Intercept",1.00144325558237,1020.60830679398,1325.58493948128
2006-02-01,"b_CAPE",1.00133124190644,1038.17460972236,1280.10697639162
2006-02-01,"sigma",1.00342932270756,1740.26201910676,1559.2792854225
2006-03-01,"b_Intercept",1.00017838693095,1049.13530285284,940.768274650385
2006-03-01,"b_CAPE",1.00023307170242,1040.46842047115,943.859554484617
2006-03-01,"sigma",1.0000230665149,1559.81870525223,1453.66057442663
2006-04-01,"b_Intercept",1.00371256795201,1165.99152540154,1440.23411129685
2006-04-01,"b_CAPE",1.00256827403393,1121.26877899937,1358.47124166902
2006-04-01,"sigma",1.00066524304803,1436.25182587894,1460.16913305365
2006-05-01,"b_Intercept",1.00346229550396,899.815497383277,1028.26060435917
2006-05-01,"b_CAPE",1.00483632781169,916.284765817026,994.212925453859
2006-05-01,"sigma",1.00034794951344,1350.21437736953,1136.97058779599
2006-06-01,"b_Intercept",1.00004730349994,1119.99587057181,1182.89975690149
2006-06-01,"b_CAPE",0.999787809661975,1107.64632180364,1126.44277997482
2006-06-01,"sigma",1.00006361867922,1487.3493888926,1246.15089139917
2006-07-01,"b_Intercept",1.00676392354242,1132.74941877919,1331.90016134906
2006-07-01,"b_CAPE",1.00536880780996,1147.16120353112,1363.4961095207
2006-07-01,"sigma",1.00001723856681,1430.83085787509,1475.14963320299
2006-08-01,"b_Intercept",1.0001318834075,1027.43970065703,1079.00476058842
2006-08-01,"b_CAPE",1.00083727542942,1039.52071830481,1121.66081389301
2006-08-01,"sigma",1.00025961886494,1327.95003711999,1457.62050588824
2006-09-01,"b_Intercept",1.00002361700028,995.810007565071,1107.78426119748
2006-09-01,"b_CAPE",0.999939448073543,968.900274128546,1157.07352662355
2006-09-01,"sigma",1.00049288299047,1633.66406877457,1203.86922448658
2006-10-01,"b_Intercept",1.00050461376466,1100.02585561288,1066.39235514277
2006-10-01,"b_CAPE",1.00091858923057,1117.11986680043,1116.11021373927
2006-10-01,"sigma",1.00033083194905,1585.65811265611,1285.44381081058
2006-11-01,"b_Intercept",1.00185534529888,1021.37290205062,1007.11344244948
2006-11-01,"b_CAPE",1.00202615512545,1003.86495955653,1122.67321451819
2006-11-01,"sigma",0.999969626187313,1124.48441721886,1300.85534069395
2006-12-01,"b_Intercept",0.999971463338078,1083.69681093739,1170.53502312175
2006-12-01,"b_CAPE",1.00021289777969,1019.44039918598,1162.10380065213
2006-12-01,"sigma",0.999699313350763,1502.58487816846,1091.10850572303
2007-01-01,"b_Intercept",0.999723284859144,1005.04065013397,1076.88252207917
2007-01-01,"b_CAPE",0.999886802433239,959.912456235336,1087.19811538713
2007-01-01,"sigma",1.00086334030521,1403.02561025676,1512.20663764273
2007-02-01,"b_Intercept",1.00028539927979,1137.70736104267,1124.32799342073
2007-02-01,"b_CAPE",1.00022887769458,1101.72860716834,1345.48826013176
2007-02-01,"sigma",1.0004415219456,1357.61895990203,1282.47939144548
2007-03-01,"b_Intercept",0.999809701346028,1205.66704133202,1227.40971447258
2007-03-01,"b_CAPE",0.999718240747884,1193.00829610262,1311.52363552078
2007-03-01,"sigma",0.999960233222375,1360.6045886794,1125.49102489473
2007-04-01,"b_Intercept",1.00114380379508,1337.43882462518,1188.80197406039
2007-04-01,"b_CAPE",1.00086612538462,1317.36802375654,1245.17323534926
2007-04-01,"sigma",0.999741130358762,1605.13245176368,1342.03117268274
2007-05-01,"b_Intercept",0.999850610646867,961.734309768877,1138.54488511513
2007-05-01,"b_CAPE",1.00002591287369,994.532232150109,1115.31805154716
2007-05-01,"sigma",1.00004854418376,1553.3662143475,1124.83947391327
2007-06-01,"b_Intercept",0.999993831155579,1120.86349658905,1109.97490718029
2007-06-01,"b_CAPE",1.00000461859572,1147.56655867237,1233.81344253681
2007-06-01,"sigma",1.0022105782739,1484.26860455365,1240.95867365515
2007-07-01,"b_Intercept",1.00389693294387,1020.1018292995,1272.80019741096
2007-07-01,"b_CAPE",1.00292013045487,1025.20397304733,1328.91064452336
2007-07-01,"sigma",1.00394257527713,1233.9436820303,1238.2531396922
2007-08-01,"b_Intercept",1.00006289059528,986.782570159876,991.177845230548
2007-08-01,"b_CAPE",1.00042951949947,986.892141301644,1024.38676714312
2007-08-01,"sigma",1.00605045522366,1364.23224181384,1119.67334442239
2007-09-01,"b_Intercept",0.999691476990733,893.017067312275,1100.57999223748
2007-09-01,"b_CAPE",0.999908648503726,856.77683440594,1033.77094105327
2007-09-01,"sigma",1.00091420073587,1446.24799783721,1177.10335687463
2007-10-01,"b_Intercept",1.00337006664238,992.45670608057,1006.70338261031
2007-10-01,"b_CAPE",1.00423819005361,1007.86326714991,1115.00211547195
2007-10-01,"sigma",1.00023650365535,1403.83333308794,1247.0121244874
2007-11-01,"b_Intercept",1.00024725838388,971.770344598847,1386.3404087431
2007-11-01,"b_CAPE",1.0006676475183,973.623311692694,1286.11153510332
2007-11-01,"sigma",1.00012883218008,1741.25465961613,1520.43453480299
2007-12-01,"b_Intercept",0.999928187130186,1181.71580134654,1361.93483591175
2007-12-01,"b_CAPE",0.999926696326015,1182.01977152892,1404.91388649422
2007-12-01,"sigma",0.999842193946044,1673.08348321133,1130.53949026608
2008-01-01,"b_Intercept",1.00025033203283,1170.04377484398,1322.61498870331
2008-01-01,"b_CAPE",1.0007005735079,1151.59584797724,1490.22402713043
2008-01-01,"sigma",1.00216142084017,1412.37883464978,1319.4164665206
2008-02-01,"b_Intercept",1.00044732120919,1143.1452645793,1215.61140787197
2008-02-01,"b_CAPE",1.0003317204502,1155.78243424696,1257.27976392856
2008-02-01,"sigma",1.00114970370055,1753.28538975618,1576.76593391459
2008-03-01,"b_Intercept",1.00181041263708,960.546791509609,1001.94167176405
2008-03-01,"b_CAPE",1.00194828366464,944.343551962629,989.559836318815
2008-03-01,"sigma",1.00000488891419,1094.0370321619,1060.527086516
2008-04-01,"b_Intercept",1.00057824822514,1146.94660126891,1251.65182964059
2008-04-01,"b_CAPE",1.00101784541261,1152.11099132932,1223.56093399047
2008-04-01,"sigma",1.0027386244908,1616.59665328921,1565.71067357578
2008-05-01,"b_Intercept",0.999936808625596,1209.8054465408,1199.49539826348
2008-05-01,"b_CAPE",0.999716404658147,1149.12568169134,1050.84924783835
2008-05-01,"sigma",0.999955828718786,1558.4596071055,1524.43597713255
2008-06-01,"b_Intercept",0.999678847074286,1181.17496344469,1219.87812111795
2008-06-01,"b_CAPE",0.999711300591511,1180.76879126049,1270.76750896774
2008-06-01,"sigma",1.00218466930495,1376.65137761067,1151.72111200722
2008-07-01,"b_Intercept",1.00076387136267,1153.66736307074,1043.24058421788
2008-07-01,"b_CAPE",1.0008972519361,1153.08743946253,1173.17212329683
2008-07-01,"sigma",1.0003504974535,1521.28870442185,1388.33496450457
2008-08-01,"b_Intercept",1.00014404353238,930.018669378483,763.013794945949
2008-08-01,"b_CAPE",0.999813094154416,925.81173262405,717.468755670823
2008-08-01,"sigma",0.999902649502816,1522.07829244958,1358.6617745276
2008-09-01,"b_Intercept",1.00005746967906,1014.40738964261,1286.53026418036
2008-09-01,"b_CAPE",1.00040792749595,1025.45532398348,1312.33075653841
2008-09-01,"sigma",0.999709002411146,1390.05315272295,1141.84419041794
2008-10-01,"b_Intercept",1.00087572921566,1129.34941457089,1358.55391218475
2008-10-01,"b_CAPE",1.00044336383439,1145.08945605019,1355.21872914451
2008-10-01,"sigma",1.00000325859623,1397.58738641374,1201.68929548192
2008-11-01,"b_Intercept",0.999988867402152,1088.01865265946,1318.57050135493
2008-11-01,"b_CAPE",1.00010814590809,1105.7499912498,1284.49021197743
2008-11-01,"sigma",1.00118902963197,1420.26140599541,1161.34891531442
2008-12-01,"b_Intercept",1.00180678559087,1231.77065643892,1186.94743730042
2008-12-01,"b_CAPE",1.00319184279766,1251.90156846475,1126.3221655682
2008-12-01,"sigma",1.00070390860782,1553.5311764197,1803.43920068432
2009-01-01,"b_Intercept",1.00098832565086,1051.12843863125,1094.34441051461
2009-01-01,"b_CAPE",1.00082603254322,1050.7947720988,1059.58112244902
2009-01-01,"sigma",1.00121932584706,1444.17321467362,1403.39831823939
2009-02-01,"b_Intercept",1.00031560371438,1170.33262772202,1305.07934885057
2009-02-01,"b_CAPE",1.00031981631158,1170.98745555443,1338.40195389675
2009-02-01,"sigma",1.00098399368559,1470.01919617137,1453.28367416152
2009-03-01,"b_Intercept",1.00172382823015,1057.41285777792,1207.7787902721
2009-03-01,"b_CAPE",1.00213671225596,1029.33283253725,1183.20203426134
2009-03-01,"sigma",1.00013641679355,1472.82023874318,1748.83238333132
2009-04-01,"b_Intercept",1.00044204496951,1137.99622887939,1061.37930680465
2009-04-01,"b_CAPE",1.00055668332001,1145.10417225364,1073.22840829587
2009-04-01,"sigma",0.999754658729545,1566.1296938826,1427.84934820022
2009-05-01,"b_Intercept",1.00070532193917,1037.10513887609,1151.84623522085
2009-05-01,"b_CAPE",1.00141385177754,1082.98052124139,1165.57067149821
2009-05-01,"sigma",1.00171822641661,1503.20607713587,1254.35751090385
2009-06-01,"b_Intercept",1.00002445661329,939.783074691896,1284.47538082634
2009-06-01,"b_CAPE",0.999888427265878,935.134023497196,1420.75823078727
2009-06-01,"sigma",0.999734984963506,1459.39098711951,1182.48661153419
2009-07-01,"b_Intercept",1.00389577579595,968.958797243512,1100.28425623172
2009-07-01,"b_CAPE",1.004867747138,956.831119001543,939.738696592907
2009-07-01,"sigma",1.00033936779386,1433.99804585302,1062.81239054372
2009-08-01,"b_Intercept",1.00107995763806,996.725774338626,962.988198777553
2009-08-01,"b_CAPE",1.00099643178306,1045.35656021994,1116.17745070635
2009-08-01,"sigma",1.00221689123439,1494.27066919246,1328.38924156946
2009-09-01,"b_Intercept",1.0033592889696,1172.33162839369,1023.77058668843
2009-09-01,"b_CAPE",1.00413710056829,1190.64677390257,992.765431345197
2009-09-01,"sigma",1.00070302649428,1614.96420730517,1617.82817632949
2009-10-01,"b_Intercept",0.999926207084694,1138.9433761467,1352.66761970656
2009-10-01,"b_CAPE",0.999737991339087,1114.54497953626,1240.30895500021
2009-10-01,"sigma",1.00006443084043,1386.72442694138,1445.19786793073
2009-11-01,"b_Intercept",1.00353502334827,1266.03109232164,1326.70150780379
2009-11-01,"b_CAPE",1.00200036746466,1287.39319510635,1196.14521804608
2009-11-01,"sigma",0.999702529330839,1279.078901171,1343.73639821464
2009-12-01,"b_Intercept",0.999993055220955,1371.79529442503,1291.3121684913
2009-12-01,"b_CAPE",1.00010720430579,1371.72761609037,1163.44896575207
2009-12-01,"sigma",1.00280509875778,1384.31111313544,1186.4480198931
2010-01-01,"b_Intercept",1.00372971978912,1055.04158602367,1079.54697139502
2010-01-01,"b_CAPE",1.00397502954726,1038.12603737157,1073.30454028524
2010-01-01,"sigma",0.999800545181507,1479.21563397284,1351.12226141333
2010-02-01,"b_Intercept",0.99977269537019,980.538123262344,963.937350510751
2010-02-01,"b_CAPE",0.999791593339547,1005.06263336192,972.895379795866
2010-02-01,"sigma",1.00175622567384,1520.49994810485,1407.15948330734
2010-03-01,"b_Intercept",0.999745054669834,1262.78736723098,1339.33296723447
2010-03-01,"b_CAPE",0.999710608422061,1278.87950847269,1270.0577731145
2010-03-01,"sigma",0.999938337890943,1498.54346302413,1468.12239721657
2010-04-01,"b_Intercept",1.00060363476467,1331.24296404765,1324.64407852888
2010-04-01,"b_CAPE",1.00117965374656,1296.82770225886,1408.09669640546
2010-04-01,"sigma",1.00003726188583,1712.33130563612,1455.15736802886
2010-05-01,"b_Intercept",0.999752241015761,1360.12462192315,1325.2302398824
2010-05-01,"b_CAPE",0.999866800932732,1353.77735541137,1301.58513322874
2010-05-01,"sigma",1.00099580756969,1446.18057864167,1325.56475668777
2010-06-01,"b_Intercept",0.999909654326909,893.479118397212,1121.72728375796
2010-06-01,"b_CAPE",0.999785858613545,868.612351604482,1208.73163153049
2010-06-01,"sigma",1.00060367623307,1359.28871379102,1335.76290774858
2010-07-01,"b_Intercept",1.00154464056176,1340.38498766421,1068.03261381448
2010-07-01,"b_CAPE",1.00184711471432,1330.07739902764,1109.61716196702
2010-07-01,"sigma",1.00055630090729,1321.14376408965,1449.22237129748
2010-08-01,"b_Intercept",1.00027816375517,1144.99340168453,1289.6815102979
2010-08-01,"b_CAPE",1.00020377742913,1115.0186535809,1153.89860444182
2010-08-01,"sigma",1.00090981906394,1438.74078809295,1326.94969861981
2010-09-01,"b_Intercept",1.00115707928439,1160.36411258219,1418.68630895319
2010-09-01,"b_CAPE",1.00175238098574,1171.43807928466,1336.73199731074
2010-09-01,"sigma",1.00083256623924,1533.64903907599,1374.73611141288
2010-10-01,"b_Intercept",1.00177245045469,1226.71226232238,1477.89633101348
2010-10-01,"b_CAPE",1.00474713748558,1216.83591628357,1405.90204870261
2010-10-01,"sigma",1.00395729150007,1504.04775870808,1373.81765061028
2010-11-01,"b_Intercept",0.999758296868143,1058.82274034716,1192.65310170618
2010-11-01,"b_CAPE",0.99977010548574,1029.8642626545,1174.75498381118
2010-11-01,"sigma",1.00115062784886,1573.95713832559,1424.28574784197
2010-12-01,"b_Intercept",1.00077237725826,1197.01380314452,1104.87869752635
2010-12-01,"b_CAPE",1.0010922479958,1215.52130930224,1152.76122248403
2010-12-01,"sigma",0.999895272836366,1354.76470264661,1294.0716641197
2011-01-01,"b_Intercept",1.00274599178744,999.829048992407,958.346446658609
2011-01-01,"b_CAPE",1.00218285890899,988.734158373752,952.792020802002
2011-01-01,"sigma",1.00575672833895,1461.2259136,1315.1884584548
2011-02-01,"b_Intercept",1.00061065890545,1071.16226016137,1066.7432440618
2011-02-01,"b_CAPE",1.00078927280248,1150.73079125631,1072.9113138886
2011-02-01,"sigma",1.00474238799149,1373.73286991743,1308.79069510065
2011-03-01,"b_Intercept",1.00132452897803,1171.39580351634,1165.09501358628
2011-03-01,"b_CAPE",1.00164419253376,1213.15401764223,1100.7380809298
2011-03-01,"sigma",1.002049426117,1439.53266020834,1321.52082650637
2011-04-01,"b_Intercept",1.00012734527457,1079.33199131218,1299.77932162971
2011-04-01,"b_CAPE",0.999991788311614,1048.18636870092,1287.04921156792
2011-04-01,"sigma",1.00017360292883,1556.7437215964,1613.62610486862
2011-05-01,"b_Intercept",1.00224489065674,1311.35921509661,1387.34468217548
2011-05-01,"b_CAPE",1.00173379645699,1287.36962305277,1511.53120976435
2011-05-01,"sigma",1.00752288472881,1356.12757932913,1470.55951160742
2011-06-01,"b_Intercept",1.00046439366648,1212.652798998,952.726921585794
2011-06-01,"b_CAPE",1.00033151536725,1193.56413163308,1016.44891451757
2011-06-01,"sigma",1.00367065810104,1530.41089761005,1390.63676299629
2011-07-01,"b_Intercept",1.00167379578556,1045.50944112447,1321.0602248588
2011-07-01,"b_CAPE",1.00136800898608,1050.27468668269,1373.05302745043
2011-07-01,"sigma",0.999820609486323,1436.08017426201,1318.02835720688
2011-08-01,"b_Intercept",0.999796845263319,1294.58233020253,1248.21486025529
2011-08-01,"b_CAPE",0.999840165309016,1370.4484641764,1209.03341100737
2011-08-01,"sigma",1.00016196558994,1475.84415813873,1202.04822173903
2011-09-01,"b_Intercept",1.00224231661834,1185.01260237323,1341.11247184199
2011-09-01,"b_CAPE",1.00073775569759,1218.35461544616,1327.13293083459
2011-09-01,"sigma",1.00045942958412,1368.41307107272,1042.79138491824
2011-10-01,"b_Intercept",1.00087958919296,1177.94945019343,1112.5065728251
2011-10-01,"b_CAPE",1.00089719758783,1186.86593368529,1190.33313209817
2011-10-01,"sigma",1.00209104182013,1450.38610666901,1486.97341517522
2011-11-01,"b_Intercept",0.999667595469404,1167.73330141037,1277.87240502055
2011-11-01,"b_CAPE",0.999732832359698,1159.27102455817,1376.74876470537
2011-11-01,"sigma",1.00074265169332,1493.22446804336,1375.13790238071
2011-12-01,"b_Intercept",1.00108534081925,1007.77547173088,947.238962355454
2011-12-01,"b_CAPE",1.00122853975223,992.046455117367,1207.94210132159
2011-12-01,"sigma",1.00064320902188,1502.54584608179,1129.95981126091
2012-01-01,"b_Intercept",1.00011720391734,1262.45674198738,1258.05240922485
2012-01-01,"b_CAPE",1.000055087911,1265.95720468422,1266.48496473971
2012-01-01,"sigma",1.00082805601273,1593.38096733039,1266.08880666929
2012-02-01,"b_Intercept",0.999981643329517,1260.63359606583,1426.57821491413
2012-02-01,"b_CAPE",0.999916652084552,1252.10622681634,1330.15280178513
2012-02-01,"sigma",1.00012781299061,1593.73097064118,1578.09177203923
2012-03-01,"b_Intercept",1.00049454579663,1126.8846581674,972.882071280441
2012-03-01,"b_CAPE",1.00042379054852,1107.57198134856,1005.62864835308
2012-03-01,"sigma",1.00036752499076,1434.89377251456,1229.61865835832
2012-04-01,"b_Intercept",1.00388694431789,1313.16267494061,1499.80978878708
2012-04-01,"b_CAPE",1.00332948197281,1238.95343777058,1189.62844689571
2012-04-01,"sigma",0.999812783080251,1676.61705588829,1587.67381660697
2012-05-01,"b_Intercept",1.00160871309961,1066.96313993865,970.083353454795
2012-05-01,"b_CAPE",1.00044826447691,1070.5308577069,1144.05072898222
2012-05-01,"sigma",1.0008110789987,1472.86795973334,1473.30761115428
2012-06-01,"b_Intercept",1.00050159422716,1080.75875722064,1163.76293794216
2012-06-01,"b_CAPE",1.00021474266494,1079.88534219764,1146.72392633832
2012-06-01,"sigma",1.00195478587594,1360.05356689984,1297.06468244044
2012-07-01,"b_Intercept",1.00089560465949,1142.03183161047,1209.11728113625
2012-07-01,"b_CAPE",1.00072088073935,1129.15841269395,1206.5141533067
2012-07-01,"sigma",1.00108436125142,1614.37093759405,1324.9369513696
2012-08-01,"b_Intercept",0.999727867966746,1026.70881291605,1057.26146846991
2012-08-01,"b_CAPE",0.999822479338895,1015.84111543103,1221.58261062832
2012-08-01,"sigma",1.00008536874764,1445.93952518913,1332.0553206055
2012-09-01,"b_Intercept",0.999757877045115,1292.39578631398,1187.93879808248
2012-09-01,"b_CAPE",0.999902988954215,1295.25760666905,1195.17010835161
2012-09-01,"sigma",1.00161043799954,1520.28261870281,1470.41630694065
2012-10-01,"b_Intercept",1.0005071302323,1133.21000407667,988.506709437071
2012-10-01,"b_CAPE",1.0000568823023,1208.06739164055,1265.95060567511
2012-10-01,"sigma",1.00145068563166,1432.86176779544,1378.79530684252
2012-11-01,"b_Intercept",0.999790317694379,1228.99149653167,1412.81004525325
2012-11-01,"b_CAPE",0.999830690318097,1214.56972110718,1519.73975527585
2012-11-01,"sigma",1.00031973948053,1396.58982547478,1237.38361184898
2012-12-01,"b_Intercept",0.999985753647111,1119.1311648991,1192.76585720072
2012-12-01,"b_CAPE",1.00001242676588,1106.67981664416,1300.28410453625
2012-12-01,"sigma",1.00014081311316,1299.21651672318,1336.32340284662
2013-01-01,"b_Intercept",1.00025233837321,1233.46659396605,1247.18984656188
2013-01-01,"b_CAPE",1.0000354048676,1243.81725943724,1100.789639556
2013-01-01,"sigma",0.999679152077253,1487.18794218075,1432.13168667498
2013-02-01,"b_Intercept",1.00223893351435,1148.41404463557,1287.8018934287
2013-02-01,"b_CAPE",1.00215988170024,1144.76353539637,1175.95615252454
2013-02-01,"sigma",1.00022230790095,1447.52288028009,1169.51575236209
2013-03-01,"b_Intercept",1.00229211082272,997.429997732908,1155.55550196695
2013-03-01,"b_CAPE",1.00113328027486,1051.46130106696,1158.0711974626
2013-03-01,"sigma",1.0008211856289,1464.73371707135,1252.58447547052
2013-04-01,"b_Intercept",1.00021059752148,1193.52750156854,1466.43011442815
2013-04-01,"b_CAPE",1.00024090819582,1161.30169807903,1520.17355505569
2013-04-01,"sigma",1.00062511309036,1823.45404268167,1598.41669470357
2013-05-01,"b_Intercept",0.999804335447428,1256.31178027045,1338.77091699904
2013-05-01,"b_CAPE",1.00034503110628,1193.30108427371,1264.11992024713
2013-05-01,"sigma",1.00004066861825,1327.28426356472,1043.23470831179
2013-06-01,"b_Intercept",1.00439313403644,1263.89959027284,1261.98054397882
2013-06-01,"b_CAPE",1.00398802484847,1303.86455652615,1484.85767383719
2013-06-01,"sigma",0.999813263235517,1761.77040609261,1468.8920730898
2013-07-01,"b_Intercept",1.00264292683376,1067.595049425,950.142997799298
2013-07-01,"b_CAPE",1.0039107204575,1050.03783184277,1101.809709422
2013-07-01,"sigma",0.99982085176844,1405.15816224091,1460.37154696596
2013-08-01,"b_Intercept",1.0000879677195,1219.41929457303,1480.20517561891
2013-08-01,"b_CAPE",1.00032206589893,1190.88532806726,1510.56838677135
2013-08-01,"sigma",1.00029217470483,1480.29428463912,1267.23985178352
2013-09-01,"b_Intercept",1.0016847281558,1017.26831022488,1140.02657226544
2013-09-01,"b_CAPE",1.00148530264671,1077.41528719744,1126.529515517
2013-09-01,"sigma",1.0020682638466,1754.59748903857,1634.19218114187
2013-10-01,"b_Intercept",1.00188693880621,1330.23267519969,1388.78341691691
2013-10-01,"b_CAPE",1.00218272064222,1359.11034608111,1371.57287896909
2013-10-01,"sigma",0.999985619971019,1379.60077797032,1266.32661396949
2013-11-01,"b_Intercept",1.00109926232667,1013.21685928291,1187.32165172438
2013-11-01,"b_CAPE",1.00202714891919,966.93769021272,1243.80465104168
2013-11-01,"sigma",0.999678401086376,1582.76538555263,1482.86099189273
2013-12-01,"b_Intercept",1.00050311099206,1340.54306772914,1348.03653047456
2013-12-01,"b_CAPE",0.999705584436826,1321.31778731332,1358.01230590825
2013-12-01,"sigma",1.00010216733378,1434.70450036542,1396.86251059925
2014-01-01,"b_Intercept",1.00198694304156,1180.15479328159,1359.99147425706
2014-01-01,"b_CAPE",1.0024952291665,1229.98364301535,1251.66639340881
2014-01-01,"sigma",1.0026213792597,1611.07125137454,1435.17211024646
2014-02-01,"b_Intercept",1.00094091228352,1040.19838346512,1143.0234361697
2014-02-01,"b_CAPE",1.00116544945014,1038.33247789279,1238.0323697322
2014-02-01,"sigma",1.00148676046974,1552.1458936845,1457.7310429045
2014-03-01,"b_Intercept",1.00151063909154,1176.76826692602,999.658705115032
2014-03-01,"b_CAPE",1.00085544758915,1188.35293462474,1142.58222953984
2014-03-01,"sigma",1.00041297047113,1456.63575283098,1416.70748864453
2014-04-01,"b_Intercept",1.00002020104624,1116.785051236,1198.69800716769
2014-04-01,"b_CAPE",0.999874436252339,1132.2230298449,1205.20680998875
2014-04-01,"sigma",1.00019586850448,1331.51779371522,1314.4472249537
2014-05-01,"b_Intercept",1.00543370043339,930.19776019784,837.882643335853
2014-05-01,"b_CAPE",1.00427033781781,936.088493600857,867.666580272431
2014-05-01,"sigma",1.00077009998672,1475.1243741081,1314.73172040373
2014-06-01,"b_Intercept",1.00014382490362,1167.89708894688,1177.20822912286
2014-06-01,"b_CAPE",0.999960601516331,1193.38058182187,1374.96160601895
2014-06-01,"sigma",1.00096186621319,1562.08286164674,1324.00294481836
2014-07-01,"b_Intercept",0.999867034208065,1216.31842902934,1337.97274095704
2014-07-01,"b_CAPE",1.00137144914812,1177.4288821893,1223.93627031082
2014-07-01,"sigma",1.0011160756511,1401.87421977148,1170.66608562057
2014-08-01,"b_Intercept",1.00113773493235,1324.87165304951,1321.76989905451
2014-08-01,"b_CAPE",1.00022580011651,1315.71419519784,1358.44205641461
2014-08-01,"sigma",0.999708666456761,1333.6911259549,1274.66683162305
2014-09-01,"b_Intercept",1.00251784834029,1052.42659032068,1355.13276208415
2014-09-01,"b_CAPE",1.00228228326026,1068.74036811004,1333.10103873405
2014-09-01,"sigma",1.00254311909842,1441.59058324435,1261.6591651851
2014-10-01,"b_Intercept",1.00128622198566,1175.37085652452,1131.2973122728
2014-10-01,"b_CAPE",1.00081591563416,1171.42387766884,1310.38247004941
2014-10-01,"sigma",1.00092107687988,1530.10237479225,1320.46604344514
2014-11-01,"b_Intercept",1.00160962991459,1041.27284331199,1176.8213317823
2014-11-01,"b_CAPE",1.00091240551284,1083.62606460701,1205.44883771306
2014-11-01,"sigma",0.999932876412712,1267.98706915758,1539.70767070421
2014-12-01,"b_Intercept",1.00068604981247,1301.13213575558,1360.94790988289
2014-12-01,"b_CAPE",1.00022168836462,1305.31076816468,1176.47523628639
2014-12-01,"sigma",1.00057992218454,1748.0689654771,1450.88177490563
2015-01-01,"b_Intercept",0.999961172881847,1180.93475422063,1382.34962823089
2015-01-01,"b_CAPE",0.999917127824251,1196.71885669685,1373.95341969813
2015-01-01,"sigma",1.00006782931163,1323.80183313228,1479.87246329174
2015-02-01,"b_Intercept",1.00246935258802,1352.37349430142,1238.6939506723
2015-02-01,"b_CAPE",1.00305700258445,1347.9411787898,1119.33795771591
2015-02-01,"sigma",1.00207010184433,1687.90135337487,1250.84055596297
