"Date","Predicted","Actual","Upper","Lower","RMSE"
1990-01-01,4.21573169635373,14.9579481869857,4.60659075738318,3.81832207870784,10.742216490632
1990-02-01,4.57270636258195,14.9496055876918,4.99452373336044,4.16262104482554,10.3768992251099
1990-03-01,4.35889569533971,15.0549821102289,4.76111780805353,3.96678379049283,10.6960864148892
1990-04-01,4.38331089483025,15.2061165216084,4.78198550622212,4.0021861591319,10.8228056267782
1990-05-01,3.99983871132882,14.4544864274152,4.4155193590039,3.58806284453073,10.4546477160863
1990-06-01,3.71472547363002,14.4554102325362,4.11167196741211,3.30769651774694,10.7406847589061
1990-07-01,3.76041284202176,14.5501488443076,4.16941015422655,3.3340433411878,10.7897360022859
1990-08-01,4.81494546323904,15.7056454563594,5.18269840090639,4.44010969770568,10.8906999931204
1990-09-01,5.39232441352671,16.1303222714911,5.78184375443693,5.00924228564055,10.7379978579644
1990-10-01,5.71041595828296,15.8303544825237,6.08235229132907,5.34665979210014,10.1199385242407
1990-11-01,5.46836212301168,15.4197519131953,5.84814101267928,5.08592542761453,9.95138979018359
1990-12-01,5.02296918208237,14.522336198856,5.38931792938386,4.65385024700559,9.49936701677359
1991-01-01,5.18759997258437,14.649112480056,5.57539815781097,4.83584323231287,9.46151250747159
1991-02-01,4.01134394864359,13.1239838863996,4.41470218925835,3.6147793549722,9.11263993775605
1991-03-01,3.72139436166732,11.7078155885305,4.1442068180966,3.31262052918775,7.98642122686322
1991-04-01,3.49293188178384,11.4806604908808,3.91873492805728,3.07501019188194,7.98772860909695
1991-05-01,3.56818503491572,12.2273327511674,4.0035102365775,3.14639680339514,8.65914771625166
1991-06-01,3.59349051622103,11.9315518156239,4.00880117826125,3.16240409723213,8.33806129940287
1991-07-01,3.52943535057136,11.5910942632518,3.9452921249634,3.10813207543567,8.06165891268046
1991-08-01,4.49842800832395,11.0991402751023,4.92318909385026,4.05624468346925,6.60071226677835
1991-09-01,4.6018707565199,9.81340932644539,5.03826839456889,4.16466509606438,5.21153856992549
1991-10-01,4.60247084344314,10.1914025159171,5.01905007565364,4.16874109110488,5.58893167247391
1991-11-01,4.6433959132379,10.7851720372497,5.07731095862872,4.20513663524374,6.14177612401179
1991-12-01,4.53889301326897,10.8952469055153,4.96825872620954,4.10405505949737,6.35635389224632
1992-01-01,3.64858482200605,10.0688389241661,4.12425556214451,3.18398471068383,6.42025410216005
1992-02-01,3.77490351867262,9.75652099875555,4.21001186941476,3.33510981568758,5.98161748008292
1992-03-01,3.98593360074217,10.393468426541,4.44215302105385,3.54153101493989,6.4075348257988
1992-04-01,3.97515265564228,9.92473008658468,4.42674060850483,3.54198435898124,5.94957743094239
1992-05-01,3.73099954058574,9.40228370768157,4.18721278202506,3.28766360359083,5.67128416709583
1992-06-01,3.96705935435946,8.91511606171027,4.42717861987477,3.51213835531011,4.94805670735081
1992-07-01,3.76162939204007,7.48956599860078,4.19593735516909,3.30809686885977,3.72793660656071
1992-08-01,3.70132175495893,7.50521177233503,4.15248394316885,3.25172619191869,3.8038900173761
1992-09-01,3.71156022708014,6.95448776410601,4.1542650011833,3.2541029264714,3.24292753702587
1992-10-01,3.93491146109552,6.95463672685392,4.38106307840013,3.46436474179231,3.0197252657584
1992-11-01,3.63164286962036,7.3658714499208,4.08302615236663,3.16842977596253,3.73422858030044
1992-12-01,3.21073177928303,6.92570001637467,3.69112966880767,2.7136360223539,3.71496823709164
1993-01-01,3.28975620893234,6.89205544225495,3.76399774504679,2.81506120748352,3.60229923332261
1993-02-01,3.14359672512392,5.96008359866009,3.60955226699549,2.65858821826608,2.81648687353617
1993-03-01,2.93439807691653,5.84589498500139,3.39638274432262,2.46871465586861,2.91149690808486
1993-04-01,3.2002033417839,6.58908204128836,3.66781460097569,2.72449684286284,3.38887869950446
1993-05-01,3.16929803386717,7.09717971550785,3.6470058111648,2.68275106459138,3.92788168164068
1993-06-01,3.10197373524449,7.60336204726311,3.56958644555361,2.62221754010539,4.50138831201862
1993-07-01,3.13056261782678,7.6491577847394,3.59690416239465,2.6823451049176,4.51859516691262
1993-08-01,2.96824654387187,7.43238863252456,3.43911691629957,2.49119993078157,4.46414208865269
1993-09-01,2.84737046552054,7.60979634683006,3.34333028439155,2.3638013014801,4.76242588130951
1993-10-01,2.7748346164241,7.74932393810008,3.26321229796983,2.2718141332843,4.97448932167598
1993-11-01,2.8214046769468,7.91503760691608,3.29101494730479,2.32545400440006,5.09363292996927
1993-12-01,2.73004285896676,8.1575467808096,3.20509556200139,2.24894650067562,5.42750392184284
1994-01-01,2.56149741976057,8.4698885504678,3.04321835347223,2.0573926250665,5.90839113070723
1994-02-01,2.66965932944075,8.57409168935146,3.18032851059733,2.17979674068432,5.90443235991071
1994-03-01,2.95106960180646,8.52579855183389,3.43016205327901,2.46469258744581,5.57472895002743
1994-04-01,3.48503899942609,8.98080685186899,3.94200588678938,3.03161041532731,5.49576785244291
1994-05-01,3.38392539812925,8.52781230578765,3.82693675173528,2.92950782290022,5.1438869076584
1994-06-01,3.33458111932379,8.71658207274504,3.78598107445464,2.88096026917759,5.38200095342125
1994-07-01,3.46888099606109,8.57371728216079,3.9265494765339,3.02332580935658,5.1048362860997
1994-08-01,3.15207538542302,8.13150700249778,3.62918272560876,2.6756254376743,4.97943161707477
1994-09-01,3.11302034356957,8.34676666405327,3.57576588103342,2.64424835083708,5.2337463204837
1994-10-01,3.24932688013268,8.35632992767432,3.68889521598484,2.80121309883892,5.10700304754165
1994-11-01,3.37438518260735,8.91193770790322,3.8149064946861,2.91422292723344,5.53755252529587
1994-12-01,3.58469129852381,9.35812392019215,4.04608524405858,3.13144153377445,5.77343262166834
1995-01-01,3.37264854516613,8.96641536381608,3.82272496841851,2.93312775633906,5.59376681864995
1995-02-01,2.97679614654242,8.7208998858727,3.45934232490785,2.48534276923292,5.74410373933028
1995-03-01,2.73771778239802,8.37050012168039,3.2317807000562,2.25088651748179,5.63278233928237
1995-04-01,2.41156115071228,7.72831598298422,2.8934484783991,1.9241162793705,5.31675483227195
1995-05-01,2.04168080758074,7.54908214365981,2.55571186586138,1.53053907378966,5.50740133607907
1995-06-01,1.68421102682353,7.46034625580998,2.20197600605304,1.15300059248745,5.77613522898645
1995-07-01,1.23851432809069,7.22891264589862,1.8141601687359,0.670767061674957,5.99039831780793
1995-08-01,1.3026004380639,7.18060562370286,1.8685572816172,0.719543082467408,5.87800518563897
1995-09-01,0.858016526018589,6.7111903472969,1.44084438971419,0.293397779680893,5.85317382127831
1995-10-01,0.877511519943397,6.34450961532196,1.44798624613143,0.301765453160099,5.46699809537856
1995-11-01,0.592059407038027,6.58897390429147,1.17757543589083,0.00167102514296973,5.99691449725345
1995-12-01,0.143752290230531,6.49625533668268,0.739141431453607,-0.454694848075671,6.35250304645215
1996-01-01,0.312160392552867,6.61546870657075,0.939574237161039,-0.315644701941341,6.30330831401788
1996-02-01,-0.514006558412236,6.01674003922545,0.153208861692317,-1.1368513163502,6.53074659763769
1996-03-01,-0.273816856392551,6.19064776461453,0.352592907731238,-0.910637270504301,6.46446462100708
1996-04-01,-0.117628599257688,6.20512836494946,0.532542504279149,-0.766500407303806,6.32275696420715
1996-05-01,-0.391681186678728,5.84254181691859,0.275634676278485,-1.08886277885076,6.23422300359732
1996-06-01,-0.489031129932967,5.40459480031399,0.155961879024767,-1.13257334995999,5.89362593024696
1996-07-01,0.266227667996938,5.84310841389473,0.875511025718611,-0.318865796644511,5.57688074589779
1996-08-01,-0.108383165149611,5.76172699588209,0.510974204345614,-0.738998494136173,5.8701101610317
1996-09-01,-0.289886797806358,5.89982956848207,0.352607914043899,-0.903044214856028,6.18971636628843
1996-10-01,-0.83405835025633,5.93963145995293,-0.181810982090157,-1.50010511604753,6.77368981020926
1996-11-01,-2.91869073731327,5.66370380665642,-2.18532940963912,-3.64028429204778,8.58239454396969
1996-12-01,-3.02904821329447,5.74681654788964,-2.3128273063857,-3.76237910434783,8.77586476118412
1997-01-01,-2.05890927057419,5.48229600836783,-1.32568336077134,-2.78728421075312,7.54120527894202
1997-02-01,-2.68208938851459,5.17636525158252,-1.9023239619948,-3.44906282771041,7.85845464009711
1997-03-01,-2.35482778765974,4.91009543678802,-1.57935566266693,-3.07484489335289,7.26492322444776
1997-04-01,-1.54701043252105,5.65107359687875,-0.825970549622946,-2.27972413342441,7.1980840293998
1997-05-01,-3.11066370864268,5.0030348621763,-2.29101610874025,-3.91720548176857,8.11369857081899
1997-06-01,-4.00063672976411,4.48739432460614,-3.09485794706779,-4.84757405054031,8.48803105437025
1997-07-01,-4.99097491096192,3.98150587567987,-4.02250173841834,-5.91986627442688,8.97248078664179
1997-08-01,-4.86518758243528,3.53868380152653,-3.96560828967748,-5.7945808321905,8.40387138396182
1997-09-01,-4.90404172762461,3.72705654917298,-3.94794739279953,-5.87061968085346,8.63109827679759
1997-10-01,-5.03456751023948,3.86726223029916,-4.10905360260477,-5.98936728427203,8.90182974053864
1997-11-01,-4.62259061743353,3.40917091847768,-3.7039990240831,-5.51186993297311,8.03176153591121
1997-12-01,-5.08987255014625,3.26183706752459,-4.12076395922822,-5.99684044922679,8.35170961767083
1998-01-01,-4.96583610895382,2.49932270291005,-4.02287076748885,-5.91470960133903,7.46515881186386
1998-02-01,-6.21024783489585,1.69422733102509,-5.12497640305244,-7.21947215392259,7.90447516592094
1998-03-01,-7.27108553917043,0.831940719870428,-6.1754179560979,-8.37648807224634,8.10302625904086
1998-04-01,-7.92699380248169,0.871010839866937,-6.79048948935627,-9.09824882326816,8.79800464234862
1998-05-01,-7.69952099877583,1.08289733404225,-6.5471495780516,-8.82910993687197,8.78241833281809
1998-06-01,-7.57551413574206,0.544999701531146,-6.42960522817625,-8.69115415436396,8.1205138372732
1998-07-01,-8.55285859355681,-0.559217818734714,-7.39389219350968,-9.75824069828799,7.9936407748221
1998-08-01,-6.62458001918083,0.423776786773788,-5.63624860191585,-7.64259196788627,7.04835680595462
1998-09-01,-5.30746228845941,0.455324891559106,-4.29950852034364,-6.25998222448021,5.76278718001851
1998-10-01,-5.47757466882416,-1.78766547650953,-4.48273013372405,-6.43751013752745,3.68990919231463
1998-11-01,-7.88639386959385,-3.48939729743956,-6.7495653974842,-9.01579865831811,4.3969965721543
1998-12-01,-8.88356986244336,-3.81667681586418,-7.69056582001257,-10.0620438823904,5.06689304657917
1999-01-01,-10.0343161391335,-4.41315106295773,-8.73205044667177,-11.3287417090803,5.62116507617579
1999-02-01,-9.91218813758371,-5.10363177127089,-8.66468967360424,-11.1698199249231,4.80855636631282
1999-03-01,-10.5337783251201,-5.92388358346657,-9.17541881527753,-11.917654258225,4.60989474165351
1999-04-01,-11.4470949507964,-5.17514022966862,-10.0550927895198,-12.8938019403797,6.27195472112776
1999-05-01,-11.3078031517934,-4.5803686968187,-9.85214208029476,-12.7246090159086,6.72743445497471
1999-06-01,-11.0226617948996,-4.33369527184962,-9.62078720881956,-12.4449345081283,6.68896652304994
1999-07-01,-12.1085816816223,-4.59163368629911,-10.6235481319725,-13.5595792251667,7.51694799532321
1999-08-01,-10.8040800349554,-3.47209201276807,-9.3981436236148,-12.2055442560171,7.33198802218735
1999-09-01,-10.3800473353499,-3.02749587804969,-9.0323425781772,-11.7510679430677,7.35255145730016
1999-10-01,-9.82786330186147,-2.66476233547841,-8.48628296952626,-11.1383851975308,7.16310096638306
1999-11-01,-11.5812976957563,-3.13156393685364,-10.1866976703518,-12.9937409570823,8.44973375890267
1999-12-01,-12.2210641728152,-3.16992645492845,-10.7250684919246,-13.6911626471508,9.05113771788673
2000-01-01,-11.8757993639058,-3.03223938877083,-10.4669089061719,-13.3253364679878,8.84355997513499
2000-02-01,-12.1460786217535,-3.0194094269186,-10.7067704257803,-13.5236068949086,9.12666919483494
2000-03-01,-12.792550094949,-2.79436462995651,-11.3345095333495,-14.2459576466111,9.99818546499246
2000-04-01,-12.984272222533,-2.55326189447416,-11.4085788918016,-14.5235923912982,10.4310103280589
2000-05-01,-11.8838229306304,-2.85905450788018,-10.4063245867226,-13.3683446014826,9.02476842275027
2000-06-01,-12.3520651720625,-3.44988684323144,-10.8874767699559,-13.8671125331581,8.90217832883105
2000-07-01,-12.2777588939235,-3.52650213971153,-10.7839374562517,-13.7264076230193,8.75125675421196
2000-08-01,-12.265829763354,-3.5469471616876,-10.8228752357094,-13.6884573131783,8.71888260166637
2000-09-01,-11.5672687199652,-3.07667117128989,-10.1862600882061,-12.9944447140632,8.49059754867534
2000-10-01,-9.92323416201501,-2.11431941942695,-8.58729358817217,-11.2449161871567,7.80891474258806
2000-11-01,-9.50159586354303,-1.795437761899,-8.17790180162537,-10.8150850831936,7.70615810164403
2000-12-01,-8.48891614769269,-1.12589100071361,-7.27730676974142,-9.69286045318426,7.36302514697908
2001-01-01,-8.2546361396771,-0.818234134192641,-7.0523460320119,-9.46254829358235,7.43640200548446
2001-02-01,-7.47462746769856,-0.304056232005545,-6.29976911958236,-8.64450069474436,7.17057123569301
2001-03-01,-5.16891225596941,0.462476345735618,-4.16141863041746,-6.16306835924658,5.63138860170503
2001-04-01,-5.01924025063969,0.613901624504498,-4.06754035580133,-5.97246083496007,5.63314187514419
2001-05-01,-6.21493689520084,0.0108693496034151,-5.10224760515041,-7.31234168099211,6.22580624480426
2001-06-01,-5.5276812103456,-0.0926174120177814,-4.47173177679829,-6.54378861845669,5.43506379832782
2001-07-01,-3.84858567733169,0.446597851798369,-2.8899711251649,-4.83083323646432,4.29518352913006
2001-08-01,-3.33610027642793,-0.472146721460687,-2.41040814775555,-4.24837253768266,2.86395355496724
2001-09-01,-0.892548167951766,0.672898739965477,-0.130470052441967,-1.67237487290184,1.56544690791724
2001-10-01,-1.45395796578084,0.643920712841028,-0.638965292520806,-2.25327713338677,2.09787867862187
2001-11-01,-2.36722342944225,0.316388131018397,-1.50342340034307,-3.21392387130367,2.68361156046065
2001-12-01,-2.67607386009198,0.310545566205156,-1.83994255080055,-3.55494115018548,2.98661942629713
2002-01-01,-2.5204505981369,0.789050681080261,-1.68476849116443,-3.36057308599443,3.30950127921716
2002-02-01,-1.6997489416937,1.54228890340065,-0.88089989810973,-2.51040101548362,3.24203784509435
2002-03-01,-2.43413684099925,1.3213994035882,-1.55947888364003,-3.27077293082038,3.75553624458745
2002-04-01,-1.6065485859551,1.70681775400576,-0.77680907729586,-2.42904848386401,3.31336633996086
2002-05-01,-1.02132924137835,1.69052596254355,-0.268896024782239,-1.75112081347806,2.71185520392191
2002-06-01,0.110749408774195,2.2153703784096,0.798796159543504,-0.587156413354464,2.1046209696354
2002-07-01,2.00021774044854,3.71235467683726,2.56035702150947,1.42747047717202,1.71213693638872
2002-08-01,1.92489680819518,3.91791761921039,2.49797465089747,1.35379244639509,1.99302081101521
2002-09-01,2.72274875332704,4.70807672275342,3.26368437277398,2.20344760107032,1.98532796942638
2002-10-01,2.98545484540808,4.85119897097159,3.51440591947141,2.47281945212866,1.86574412556351
2002-11-01,2.11633933151729,3.93084778592574,2.68701398835334,1.55108222865074,1.81450845440845
2002-12-01,2.27058403164325,4.26853272155425,2.83770302560267,1.70883450420721,1.997948689911
2003-01-01,2.40371789800987,4.74403953858402,2.96767478208908,1.86539426029512,2.34032164057415
2003-02-01,2.29865575541584,5.67926132155192,2.78599292874947,1.78754174007633,3.38060556613608
2003-03-01,2.24789198267616,5.86177246128234,2.75271800815263,1.72718157928121,3.61388047860618
2003-04-01,2.73262388804194,5.45828504479287,3.26744279186435,2.2071529594538,2.72566115675093
2003-05-01,2.01100436551113,5.34842190969664,2.58916316282397,1.43780411100137,3.33741754418552
2003-06-01,1.23249772533258,4.63446999384223,1.83704789378825,0.643341971085841,3.40197226850965
2003-07-01,1.22360127164791,4.91512320244631,1.84535501366778,0.598091815220445,3.6915219307984
2003-08-01,1.37355522096225,4.98639207379501,1.96130230246375,0.768654451240474,3.61283685283276
2003-09-01,1.00589008803973,4.80619610559225,1.6382479167334,0.379513553037826,3.80030601755252
2003-10-01,0.762335146386884,4.83098827621544,1.40896755120176,0.104056728356564,4.06865312982856
2003-11-01,0.600406646295426,5.09514459818428,1.24992632732889,-0.0297284064895683,4.49473795188885
2003-12-01,0.19635446591095,4.92622033538779,0.879358173433382,-0.476199242113803,4.72986586947684
2004-01-01,-0.42471469400288,4.53476479357469,0.312591305367076,-1.13397082129094,4.95947948757757
2004-02-01,-0.402146174980741,4.42598385157045,0.358818944848848,-1.12277166556037,4.82813002655119
2004-03-01,0.101665277079985,4.87222802562945,0.813740429559043,-0.597301312408454,4.77056274854947
2004-04-01,0.117080454776816,4.7913877518051,0.819451879430809,-0.602969719785088,4.67430729702828
2004-05-01,-0.543926355208841,5.24854930284029,0.115337503224708,-1.23120550744196,5.79247565804913
2004-06-01,-0.863090811632944,5.29693897626049,-0.128769333522877,-1.59653539729231,6.16002978789343
2004-07-01,-0.39766381407726,5.6798486103663,0.260273626611898,-1.0768404501523,6.07751242444356
2004-08-01,-0.0772463379724874,5.80563386230772,0.589888504593414,-0.723645643898468,5.88288020028021
2004-09-01,0.965076348485118,5.7161161741679,1.6080459982153,0.316299242176467,4.75103982568278
2004-10-01,-0.204103969123624,5.50411882830357,0.473693892110507,-0.88734231714243,5.7082227974272
2004-11-01,-0.847764483239672,5.66035617007725,-0.140522385130407,-1.58659179798617,6.50812065331692
2004-12-01,-1.25923517587703,5.4643338171426,-0.497876171753827,-1.9699400378013,6.72356899301963
2005-01-01,-0.913231984751352,5.56181163034626,-0.228619787304163,-1.60353639410211,6.47504361509761
2005-02-01,-0.99009758759788,5.69519220246997,-0.259216427729781,-1.71352685683337,6.68528979006785
2005-03-01,-0.724174062705232,5.74772206871645,-0.042413945467046,-1.4276237170296,6.47189613142169
2005-04-01,-0.140984270560755,6.14817757626529,0.472212813980456,-0.786599906426212,6.28916184682605
2005-05-01,-0.294530933691437,6.04584004668796,0.366796082839526,-0.970088852933416,6.34037098037939
2005-06-01,0.875682146822218,5.73956195207785,1.50981149580787,0.21540632086921,4.86387980525564
2005-07-01,-0.645221514915957,5.58988164398455,0.0550600288232641,-1.33716862928095,6.23510315890051
2005-08-01,-0.531609558457488,5.3671331073349,0.149091136813353,-1.190321900233,5.89874266579239
2005-09-01,-0.282770912301103,4.99680239934073,0.404352948992486,-0.957421074816374,5.27957331164183
2005-10-01,0.25937586295791,5.74823595004226,0.901528562590809,-0.390474863427012,5.48886008708435
2005-11-01,-0.369381389795583,5.58018090351666,0.291449351148506,-1.04132248539109,5.94956229331225
2005-12-01,-0.654806258724053,5.23292868934855,0.0428971703233201,-1.34060809795107,5.8877349480726
2006-01-01,-0.660341510776136,4.44690157548457,0.0522836172678349,-1.35232333858234,5.10724308626071
2006-02-01,-0.509926984653766,4.40345535412998,0.195152774059763,-1.17045357217186,4.91338233878375
2006-03-01,-0.545231494766407,4.90738770319785,0.156806821299536,-1.25097179171934,5.45261919796426
2006-04-01,-0.411960500904704,5.15635443303442,0.286742856271957,-1.08740349273611,5.56831493393912
2006-05-01,-0.089883394688097,5.21689604023683,0.593487517846883,-0.772746301882276,5.30677943492493
2006-06-01,0.457919331418209,5.60403298919809,1.10382514908881,-0.173937032375245,5.14611365777988
2006-07-01,0.50828126731376,5.91955006262617,1.14663603182652,-0.10615165493203,5.41126879531241
2006-08-01,0.297293349916626,5.81686874075555,0.919910845583337,-0.349456258849357,5.51957539083893
2006-09-01,1.48622763907311,5.42905157443441,2.09059163021525,0.909219216634274,3.94282393536129
2006-10-01,0.962539972532201,4.93173124438537,1.61387464704483,0.326734293059751,3.96919127185317
2006-11-01,0.768492943076732,4.84974079173683,1.4334745962418,0.0822842444917923,4.0812478486601
2006-12-01,-0.905039775019514,5.04493547699512,-0.164833612590182,-1.64287284353061,5.94997525201463
2007-01-01,0.682162660656287,5.09329969381402,1.34538243089083,0.0156328160832251,4.41113703315774
2007-02-01,0.665336013544171,5.21733038014487,1.33223227549167,-0.00363723081566503,4.5519943666007
2007-03-01,-0.16979436584824,5.75149553665646,0.50009653010601,-0.802746275588494,5.9212899025047
2007-04-01,-0.578563036237616,5.34004999617184,0.104377967340513,-1.29757845006498,5.91861303240945
2007-05-01,-0.875746367639214,5.2206843600241,-0.128965708126922,-1.63558849789305,6.09643072766331
2007-06-01,-0.769636771810504,5.38065470688236,-0.0199364692701247,-1.50584007027067,6.15029147869286
2007-07-01,0.77989689487423,5.42842748564367,1.43882978215219,0.124432465784706,4.64853059076944
2007-08-01,1.55281933182256,5.85695348184871,2.1516338443835,0.97138614783522,4.30413415002616
2007-09-01,-0.260387373516675,5.68327891462388,0.427040176794255,-0.929886366699532,5.94366628814055
2007-10-01,-0.565992893610728,5.68610103679492,0.13874774052687,-1.33489428755465,6.25209393040565
2007-11-01,0.37352091238868,6.43827863847304,1.01832218076826,-0.259311015617074,6.06475772608436
2007-12-01,0.259351699075701,6.6090525626558,0.943904044397517,-0.410988634493636,6.3497008635801
2008-01-01,1.36412154309515,7.84918940401909,1.92715318855639,0.804961708131937,6.48506786092394
2008-02-01,1.6800258878561,7.68588182131238,2.26616579793987,1.10595650577886,6.00585593345628
2008-03-01,2.18385555513632,8.04868574665016,2.69594569824089,1.66698208170129,5.86483019151385
2008-04-01,1.80010509694615,7.44250375074966,2.35529520072107,1.25396398846912,5.64239865380352
2008-05-01,1.64606194349663,7.42488989632351,2.22819212749577,1.05546227476166,5.77882795282688
2008-06-01,2.35750057407739,8.20913522187174,2.88231821877192,1.83256362171371,5.85163464779435
2008-07-01,3.18779719136833,9.11727689439634,3.66443467015384,2.72205747636773,5.92947970302802
2008-08-01,2.93614890616727,9.10398682969187,3.41230973418337,2.45615695295106,6.1678379235246
2008-09-01,3.49455342366381,9.80242779243357,3.95756874545349,3.03914174951036,6.30787436876975
2008-10-01,5.61232782713851,11.734462068573,5.98566909286003,5.233044713716,6.12213424143452
2008-11-01,7.79577929514554,12.3287734930392,8.14667297029211,7.44072376740417,4.53299419789364
2008-12-01,7.73544633301558,11.6469797026003,8.09574185032864,7.3658513553361,3.91153336958476
2009-01-01,7.83935423082152,11.9903801413137,8.19099623384849,7.47203983446845,4.15102591049218
2009-02-01,8.39539185310828,13.4197285615792,8.77118458128532,8.00468977732003,5.02433670847097
2009-03-01,6.73091475899582,14.2702043146203,7.20021712299974,6.24675252767633,7.53928955562447
2009-04-01,5.85703413542351,13.3328958535575,6.29298118289672,5.39936980770494,7.47586171813395
2009-05-01,5.31760963647003,12.4400775408977,5.78390169620522,4.8475435048045,7.12246790442768
2009-06-01,5.11820898824106,12.3735317107596,5.56250580031213,4.66206959820607,7.2553227225185
2009-07-01,4.95783389886139,12.6172857940278,5.42653118600372,4.50995986607712,7.65945189516638
2009-08-01,4.2335789204091,11.4122875611868,4.71533734696291,3.74999677176381,7.17870864077774
2009-09-01,3.84917063135473,11.3502545716296,4.36825351737249,3.35601045636404,7.50108394027488
2009-10-01,3.58383994400732,11.0730973591518,4.06610222824593,3.09205148597177,7.48925741514444
2009-11-01,5.45694241072563,11.3393936058627,5.81686527742743,5.07024902363109,5.88245119513704
2009-12-01,5.20292767665904,11.3569011998597,5.57986511712052,4.81234786170142,6.15397352320064
2010-01-01,5.11620400553786,11.5686929524201,5.5026673308791,4.74776921536334,6.45248894688223
2010-02-01,5.43360036038283,11.8834222474014,5.79281814718885,5.06692786287442,6.44982188701855
2010-03-01,4.89070710931153,8.99958318527732,5.27036549916429,4.50994694940392,4.10887607596579
2010-04-01,4.49240581731396,9.1157985758824,4.89088808668403,4.09854876358537,4.62339275856845
2010-05-01,5.18246340358247,10.4174367816515,5.55891292450047,4.79197046179606,5.23497337806905
2010-06-01,5.55354586660907,11.4457053778662,5.91350072118218,5.19172626659487,5.89215951125718
2010-07-01,5.60023861581717,11.7907852383371,5.97019020863543,5.23415297674215,6.19054662251995
2010-08-01,5.56297979831826,12.3161072190145,5.93411370455057,5.18877993005698,6.75312742069629
2010-09-01,5.25981825862804,11.8647169836275,5.62874639059416,4.89657296717667,6.60489872499941
2010-10-01,4.84636747032546,11.5649980897436,5.2215284022904,4.45097337936669,6.71863061941819
2010-11-01,4.6297870472979,11.7346340618255,5.02020799338458,4.24799618572641,7.10484701452757
2010-12-01,4.29894089437642,11.8018865622628,4.70344711349706,3.89277777747424,7.50294566788637
2011-01-01,4.02232957339907,11.735056505854,4.43336129324471,3.6245157052226,7.71272693245496
2011-02-01,3.78187705755612,11.6571821620756,4.20840136408123,3.34341174721223,7.87530510451949
2011-03-01,2.64051034622319,11.9030205926993,3.08877508904779,2.19081918144791,9.26251024647611
2011-04-01,2.52979055891691,12.2922328770398,2.97705800289135,2.08685873462661,9.76244231812285
2011-05-01,2.59725970234972,12.2663362240448,3.07377378078804,2.13418298846867,9.66907652169513
2011-06-01,3.0522807843127,12.7717537347547,3.50065909168041,2.62615248002002,9.71947295044195
2011-07-01,2.82419814009219,12.7238653575799,3.27580817429671,2.34775913715493,9.89966721748769
2011-08-01,4.05291771898233,14.2230251853871,4.46228919260599,3.66943956949275,10.1701074664047
2011-09-01,4.22176552480467,14.2901196862473,4.61349732112943,3.82503723811668,10.0683541614426
2011-10-01,4.00365731317607,13.8840729188409,4.40883508813836,3.60232612883006,9.88041560566488
2011-11-01,3.90569467180125,14.1471354104189,4.30683727090818,3.50222774804296,10.2414407386177
2011-12-01,3.82205993883293,13.9380289155484,4.23718675346322,3.42113121366212,10.1159689767154
2012-01-01,3.4916275471321,13.126854152476,3.90686981793312,3.06359261378742,9.63522660534391
2012-02-01,3.20790265114684,12.2821766689227,3.62760496878077,2.78061075700081,9.07427401777589
2012-03-01,4.49058311100818,11.7992608505796,4.87613276353399,4.10401410054578,7.30867773957141
2012-04-01,4.6287302820742,11.7881654869303,5.00214739813041,4.24467414670795,7.15943520485611
2012-05-01,5.0322331735523,11.0889437405646,5.40799921833395,4.65927101325166,6.05671056701227
2012-06-01,5.22650028432836,10.6698274653015,5.58739875730482,4.85575011128363,5.44332718097318
2012-07-01,5.00378817458717,10.3859262454999,5.37403363356732,4.64698441353682,5.38213807091277
2012-08-01,4.80761001069044,10.7735372369024,5.18758502061636,4.43329670340368,5.965927226212
2012-09-01,4.62488800633737,9.63805834479343,4.99160284994909,4.23620982857848,5.01317033845606
2012-10-01,4.72379896644611,9.26938274568123,5.0949467284828,4.34506637168038,4.54558377923513
2012-11-01,5.05436736738647,10.10879063691,5.44057826869741,4.6798549488769,5.05442326952357
2012-12-01,4.88930096687862,9.87718287052188,5.26003669918577,4.49994047741951,4.98788190364326
2013-01-01,4.57147613779998,9.51355801015419,4.93752417157435,4.19861296072955,4.94208187235421
2013-02-01,4.5022577369504,9.62866850892665,4.88721821307708,4.10776268988555,5.12641077197625
2013-03-01,4.32919364877987,9.04093591659694,4.71867639518954,3.93658249875735,4.71174226781707
2013-04-01,4.23934327717927,9.24446022394056,4.62104821586561,3.8545133835092,5.00511694676129
2013-05-01,3.85626848089815,8.82870218322889,4.25252107429857,3.4645838227365,4.97243370233074
2013-06-01,4.09084769646621,9.46871062073069,4.4866151115559,3.69372590795102,5.37786292426448
2013-07-01,3.82053540904825,9.51770713720006,4.21158558898859,3.42125663139301,5.69717172815181
2013-08-01,3.8851269414781,9.34569135632264,4.27835271904735,3.49788200725228,5.46056441484453
2013-09-01,3.85685887405932,9.09699270782678,4.25902805757918,3.45648463711019,5.24013383376746
2013-10-01,3.67019758818517,8.50949373395795,4.08568409094577,3.25990899085987,4.83929614577279
2013-11-01,3.29262044594656,8.58640968739477,3.70828337617552,2.87245348676315,5.29378924144821
2013-12-01,3.19202377850277,8.98086524951782,3.62180569012645,2.77212215631286,5.78884147101505
2014-01-01,3.18963513245242,9.1699550059708,3.59586377532225,2.7682968147484,5.98031987351838
2014-02-01,3.32594947740704,9.6068584008856,3.74332426027826,2.91970099136178,6.28090892347856
2014-03-01,3.16055311321646,9.66601507548555,3.56956041723857,2.75733309959163,6.50546196226909
2014-04-01,3.24889068686875,9.52613746398405,3.6472642173685,2.8433875900668,6.2772467771153
2014-05-01,3.188372876844,9.65180286425031,3.62600326250466,2.75388480675242,6.46342998740631
2014-06-01,2.89920876605674,9.70597897578096,3.3307807646925,2.47432029117521,6.80677020972422
2014-07-01,2.78539935157195,9.78401428107263,3.23507025855393,2.35489295289652,6.99861492950068
2014-08-01,2.8809858129334,9.69656427765064,3.29365222355793,2.4325179563246,6.81557846471724
2014-09-01,2.74945146235754,9.78846295592639,3.18550010735608,2.29025980881595,7.03901149356885
2014-10-01,3.11083239945016,10.384932199805,3.53525012633002,2.69249923454143,7.2740998003548
2014-11-01,2.4338787933241,9.98989240157149,2.88176889725264,2.00439359090898,7.55601360824739
2014-12-01,2.34986752056981,10.0144218793943,2.81433550935245,1.88071967983512,7.66455435882449
2015-01-01,0.428655113747098,9.96728031482998,0.988739161309139,-0.162995232434503,9.53862520108289
2015-02-01,0.208586747711701,9.77932719593277,0.844011149156907,-0.403589118978097,9.57074044822107
