"Date","Parameter","Rhat","ESS_Bulk","ESS_Tail","Block","Step"
1990-01-01,"b_Intercept",1.00358915881362,1149.81156177365,1557.33115286225,1,1
1990-01-01,"b_CAPE",1.00152814026614,1095.38178652126,1234.66101330271,1,1
1990-01-01,"sd_Inflation_Category__Intercept",1.00145605568665,1245.90894002796,1513.74923723108,1,1
1990-01-01,"sd_Inflation_Category__CAPE",0.999783441729152,855.567872665623,1273.22342104895,1,1
1990-01-01,"cor_Inflation_Category__Intercept__CAPE",1.00092593095774,1182.72767895067,1228.72918710547,1,1
1990-01-01,"sigma",1.00389223648932,3174.62397701201,1539.85276829548,1,1
1990-01-01,"r_Inflation_Category[high,Intercept]",1.00342741807425,1348.19017226399,1671.40559920243,1,1
1990-01-01,"r_Inflation_Category[low,Intercept]",1.00542926840077,1168.89744120193,1723.02221643141,1,1
1990-01-01,"r_Inflation_Category[medium,Intercept]",1.00377575183909,1250.56031648685,1809.52897399312,1,1
1990-01-01,"r_Inflation_Category[negative,Intercept]",1.00236584868175,1320.139083166,1676.11272375158,1,1
1990-01-01,"r_Inflation_Category[high,CAPE]",1.00122920394169,1312.96277649968,1305.96161271012,1,1
1990-01-01,"r_Inflation_Category[low,CAPE]",1.00234271229926,1019.23872618205,1218.28254138602,1,1
1990-01-01,"r_Inflation_Category[medium,CAPE]",1.00197850273372,1169.80754736416,1632.00302333229,1,1
1990-01-01,"r_Inflation_Category[negative,CAPE]",1.00087286948619,1176.8659799111,1308.66419927287,1,1
1990-07-01,"b_Intercept",1.00014029286451,1093.02954229994,1298.16648072945,1,2
1990-07-01,"b_CAPE",1.00110491244177,1419.76071361992,1394.38010984161,1,2
1990-07-01,"sd_Inflation_Category__Intercept",1.0016392408529,1026.24792349987,1334.94103873836,1,2
1990-07-01,"sd_Inflation_Category__CAPE",0.999937115208589,1104.07980928708,1283.15555638409,1,2
1990-07-01,"cor_Inflation_Category__Intercept__CAPE",0.999805051072808,1371.46625079518,1780.59249524535,1,2
1990-07-01,"sigma",1.00308090475966,3138.42783407199,2339.05137603347,1,2
1990-07-01,"r_Inflation_Category[high,Intercept]",1.00014230633279,1234.26659662562,1429.48365474179,1,2
1990-07-01,"r_Inflation_Category[low,Intercept]",0.999931579298631,1201.81909002371,1493.12865812021,1,2
1990-07-01,"r_Inflation_Category[medium,Intercept]",1.00118835280767,1220.52205610488,1324.77531472957,1,2
1990-07-01,"r_Inflation_Category[negative,Intercept]",1.00103185702644,1191.6480838,1373.1845416131,1,2
1990-07-01,"r_Inflation_Category[high,CAPE]",0.999764897669426,1602.95726687737,1635.80797328741,1,2
1990-07-01,"r_Inflation_Category[low,CAPE]",1.00142554775403,1450.51921543473,1441.79091751653,1,2
1990-07-01,"r_Inflation_Category[medium,CAPE]",1.00029108591865,1469.9366412424,1394.38010984161,1,2
1990-07-01,"r_Inflation_Category[negative,CAPE]",1.00038307222161,1464.81297429542,1467.74821682276,1,2
1991-01-01,"b_Intercept",0.999840838580539,1217.08500536011,1535.49741304005,1,3
1991-01-01,"b_CAPE",1.00091834283106,1179.48423989514,1078.02056360113,1,3
1991-01-01,"sd_Inflation_Category__Intercept",1.00171665243921,1440.18560028432,1691.9166486335,1,3
1991-01-01,"sd_Inflation_Category__CAPE",1.00010630428224,936.264154617493,1362.26541623755,1,3
1991-01-01,"cor_Inflation_Category__Intercept__CAPE",1.00014948053383,1309.82928825634,1676.23331869267,1,3
1991-01-01,"sigma",1.0005502508935,2952.15837671152,1769.07981132241,1,3
1991-01-01,"r_Inflation_Category[high,Intercept]",1.00071353766163,1345.39639691218,1757.32431973896,1,3
1991-01-01,"r_Inflation_Category[low,Intercept]",0.999718149365077,1312.28843801185,1759.74362867054,1,3
1991-01-01,"r_Inflation_Category[medium,Intercept]",0.999669626503469,1366.43305979634,1716.38636986207,1,3
1991-01-01,"r_Inflation_Category[negative,Intercept]",1.00042049815049,1266.75507773574,1517.10077153131,1,3
1991-01-01,"r_Inflation_Category[high,CAPE]",0.999806809498173,1408.01283688066,1301.20928949741,1,3
1991-01-01,"r_Inflation_Category[low,CAPE]",1.00107315202076,1196.93078538119,1175.3016350335,1,3
1991-01-01,"r_Inflation_Category[medium,CAPE]",1.00140567316261,1262.13232608685,1118.61338483545,1,3
1991-01-01,"r_Inflation_Category[negative,CAPE]",1.00030104392443,1227.22013620549,1111.55012864274,1,3
1991-07-01,"b_Intercept",1.00002616420418,932.11747593422,1512.67779269484,1,4
1991-07-01,"b_CAPE",0.999892313614979,1290.22795278002,1362.50825613287,1,4
1991-07-01,"sd_Inflation_Category__Intercept",1.00017690334718,1128.68035315786,1588.14680196553,1,4
1991-07-01,"sd_Inflation_Category__CAPE",1.00113044637144,1066.86658918889,1196.37560068055,1,4
1991-07-01,"cor_Inflation_Category__Intercept__CAPE",1.00202880214305,1390.52209449864,1482.83192727497,1,4
1991-07-01,"sigma",0.99973883338281,3271.00187512815,1929.91340014736,1,4
1991-07-01,"r_Inflation_Category[high,Intercept]",1.00073581038282,1125.53705078777,1846.54814434133,1,4
1991-07-01,"r_Inflation_Category[low,Intercept]",1.00026390053741,1032.5826069743,1510.32141706477,1,4
1991-07-01,"r_Inflation_Category[medium,Intercept]",0.999784442357671,1092.26865512641,1615.94717415026,1,4
1991-07-01,"r_Inflation_Category[negative,Intercept]",0.999717099045914,1005.83595103393,1579.86209137998,1,4
1991-07-01,"r_Inflation_Category[high,CAPE]",0.999903541753067,1483.39808589581,1626.02281657919,1,4
1991-07-01,"r_Inflation_Category[low,CAPE]",0.999833173899735,1270.51299176247,1496.98343200276,1,4
1991-07-01,"r_Inflation_Category[medium,CAPE]",0.999927154693321,1374.59152558979,1548.97685559268,1,4
1991-07-01,"r_Inflation_Category[negative,CAPE]",0.999962540828261,1272.4524536258,1513.23461079823,1,4
1992-01-01,"b_Intercept",1.00047423532917,1300.57071591089,1595.01693638345,1,5
1992-01-01,"b_CAPE",1.00014032588688,1374.68257771595,1410.47584289119,1,5
1992-01-01,"sd_Inflation_Category__Intercept",1.00286873086957,1446.38761054547,1840.58555614189,1,5
1992-01-01,"sd_Inflation_Category__CAPE",1.00169350305554,1080.02805677458,1387.55080999859,1,5
1992-01-01,"cor_Inflation_Category__Intercept__CAPE",1.00057991563115,1666.01378737829,1701.46618404116,1,5
1992-01-01,"sigma",0.999732894325974,3207.48627588565,1864.88861103192,1,5
1992-01-01,"r_Inflation_Category[high,Intercept]",0.999705948976942,1394.67311401754,1704.02500422599,1,5
1992-01-01,"r_Inflation_Category[low,Intercept]",0.999973131235259,1369.68091187118,1760.15255319675,1,5
1992-01-01,"r_Inflation_Category[medium,Intercept]",0.999740545076124,1403.55513636286,1723.92607755954,1,5
1992-01-01,"r_Inflation_Category[negative,Intercept]",1.00054316668351,1411.04526876969,1745.7768580268,1,5
1992-01-01,"r_Inflation_Category[high,CAPE]",0.999792871074697,1589.09425121811,1569.05326081287,1,5
1992-01-01,"r_Inflation_Category[low,CAPE]",1.00008791531225,1362.04617856725,1397.42055725032,1,5
1992-01-01,"r_Inflation_Category[medium,CAPE]",1.00032575455085,1548.09719554616,1445.49598810855,1,5
1992-01-01,"r_Inflation_Category[negative,CAPE]",1.00120494433942,1385.35113622442,1355.44477587143,1,5
1992-07-01,"b_Intercept",0.999922750411477,1069.04830461955,1375.5847327816,1,6
1992-07-01,"b_CAPE",0.999687731130027,1258.0473344663,1086.94615046851,1,6
1992-07-01,"sd_Inflation_Category__Intercept",0.999778935892218,1328.57667619825,1704.74770943421,1,6
1992-07-01,"sd_Inflation_Category__CAPE",0.999707224354819,1024.84735195757,1425.20077775675,1,6
1992-07-01,"cor_Inflation_Category__Intercept__CAPE",1.00000872315279,1504.1430116355,1143.85439125356,1,6
1992-07-01,"sigma",1.00010686264531,2865.07453542863,1957.19218566205,1,6
1992-07-01,"r_Inflation_Category[high,Intercept]",0.999753600525496,1232.38662428895,1502.12671155455,1,6
1992-07-01,"r_Inflation_Category[low,Intercept]",1.00021660837472,1137.89628186169,1212.43688514819,1,6
1992-07-01,"r_Inflation_Category[medium,Intercept]",1.00049782436204,1235.58383524878,1640.41201252,1,6
1992-07-01,"r_Inflation_Category[negative,Intercept]",1.00051821215101,1098.7396985833,1479.317232183,1,6
1992-07-01,"r_Inflation_Category[high,CAPE]",0.999804477577623,1330.00212512348,1441.70297491946,1,6
1992-07-01,"r_Inflation_Category[low,CAPE]",0.999779583813589,1253.35331217768,1109.04155177234,1,6
1992-07-01,"r_Inflation_Category[medium,CAPE]",0.99973152295856,1405.11472224359,1216.05270297796,1,6
1992-07-01,"r_Inflation_Category[negative,CAPE]",0.999684591752683,1255.01745653027,1394.50287638814,1,6
1993-01-01,"b_Intercept",0.999951657278265,1142.9580712454,1717.57370104487,2,7
1993-01-01,"b_CAPE",1.00291685884875,1213.97824969287,1144.26168349103,2,7
1993-01-01,"sd_Inflation_Category__Intercept",1.00049077242858,1293.58908496502,1540.06611129723,2,7
1993-01-01,"sd_Inflation_Category__CAPE",1.00776799600269,848.63009334259,1156.62928942136,2,7
1993-01-01,"cor_Inflation_Category__Intercept__CAPE",1.00173456893995,1385.63249561242,1831.32544969768,2,7
1993-01-01,"sigma",0.999981162889954,3230.2710495143,2039.49393293805,2,7
1993-01-01,"r_Inflation_Category[high,Intercept]",0.99990709478733,1324.978298805,1786.71300362858,2,7
1993-01-01,"r_Inflation_Category[low,Intercept]",0.999743365673367,1345.05651417422,1640.53363070323,2,7
1993-01-01,"r_Inflation_Category[medium,Intercept]",1.00014071481623,1220.75426588078,1824.8718655215,2,7
1993-01-01,"r_Inflation_Category[negative,Intercept]",0.999706119670745,1212.48441828903,1894.09799591965,2,7
1993-01-01,"r_Inflation_Category[high,CAPE]",1.00322673245215,1464.59202290952,1402.16556989,2,7
1993-01-01,"r_Inflation_Category[low,CAPE]",1.00446131257756,1211.14821930128,1073.66773968453,2,7
1993-01-01,"r_Inflation_Category[medium,CAPE]",1.00544982817579,1296.0743372503,1312.19626349542,2,7
1993-01-01,"r_Inflation_Category[negative,CAPE]",1.00441790872897,1152.44830786262,1209.46587428419,2,7
1993-07-01,"b_Intercept",0.999758631585845,1326.28772544293,1807.39627330855,2,8
1993-07-01,"b_CAPE",1.00001454365035,1286.7707169813,1215.74108104738,2,8
1993-07-01,"sd_Inflation_Category__Intercept",1.00159480178586,1286.58945221241,1679.13327442191,2,8
1993-07-01,"sd_Inflation_Category__CAPE",1.00086144612378,960.217524753602,1444.7156174022,2,8
1993-07-01,"cor_Inflation_Category__Intercept__CAPE",0.999786164454246,1361.27168735439,1420.23226187414,2,8
1993-07-01,"sigma",1.0000956901804,2754.47898335578,1936.36205158541,2,8
1993-07-01,"r_Inflation_Category[high,Intercept]",0.999839482256543,1512.52620949028,2256.98188007007,2,8
1993-07-01,"r_Inflation_Category[low,Intercept]",0.999993695489672,1469.73586092451,1884.34220711299,2,8
1993-07-01,"r_Inflation_Category[medium,Intercept]",1.00002404304203,1540.34465185891,1951.40122567352,2,8
1993-07-01,"r_Inflation_Category[negative,Intercept]",1.00011482208331,1447.78760692706,1868.17917676799,2,8
1993-07-01,"r_Inflation_Category[high,CAPE]",1.00309717537286,1427.69214459723,1446.79726013699,2,8
1993-07-01,"r_Inflation_Category[low,CAPE]",0.999826068696237,1275.02074119509,1222.55045650064,2,8
1993-07-01,"r_Inflation_Category[medium,CAPE]",1.00033286465069,1336.47926356482,1396.85576671908,2,8
1993-07-01,"r_Inflation_Category[negative,CAPE]",1.00041751696082,1336.33984465614,1268.63483668879,2,8
1994-01-01,"b_Intercept",1.00079783683387,1209.55464310433,1583.94711345158,2,9
1994-01-01,"b_CAPE",1.00139715040014,1102.93237672878,1271.80807798176,2,9
1994-01-01,"sd_Inflation_Category__Intercept",1.00183305398562,1123.10020752654,1823.26441168224,2,9
1994-01-01,"sd_Inflation_Category__CAPE",1.00102590435348,1045.75192331322,1263.77524613684,2,9
1994-01-01,"cor_Inflation_Category__Intercept__CAPE",1.0020550689203,1166.73244358411,1674.4179296792,2,9
1994-01-01,"sigma",1.00102783107453,3562.12167148298,1908.81804974411,2,9
1994-01-01,"r_Inflation_Category[high,Intercept]",1.00066205482356,1280.03264542266,1672.11034310247,2,9
1994-01-01,"r_Inflation_Category[low,Intercept]",1.00059267956454,1326.67718331915,1848.54432138814,2,9
1994-01-01,"r_Inflation_Category[medium,Intercept]",1.00043044077107,1318.94513964388,1725.70487798585,2,9
1994-01-01,"r_Inflation_Category[negative,Intercept]",1.0000838640078,1276.36932176444,1692.91705327997,2,9
1994-01-01,"r_Inflation_Category[high,CAPE]",1.00156603622177,1225.46497990843,1479.64988225964,2,9
1994-01-01,"r_Inflation_Category[low,CAPE]",1.00095580252996,1134.57774597341,1416.99819627796,2,9
1994-01-01,"r_Inflation_Category[medium,CAPE]",1.00051106410506,1124.2196087946,1307.15305293344,2,9
1994-01-01,"r_Inflation_Category[negative,CAPE]",0.999880888340969,1119.62080631546,1275.89962051159,2,9
1994-07-01,"b_Intercept",1.00383221233882,1174.99626999623,1316.42159152212,2,10
1994-07-01,"b_CAPE",1.00196043356639,1160.90266750912,1503.10454915907,2,10
1994-07-01,"sd_Inflation_Category__Intercept",1.0018382285368,1217.58790087703,1419.09731854731,2,10
1994-07-01,"sd_Inflation_Category__CAPE",1.00132527325572,1116.08775821756,1879.3867665334,2,10
1994-07-01,"cor_Inflation_Category__Intercept__CAPE",1.00016413670523,1350.36329602742,1495.6468526226,2,10
1994-07-01,"sigma",1.00214874963331,2977.07087322541,1811.35733495269,2,10
1994-07-01,"r_Inflation_Category[high,Intercept]",1.00243076340201,1397.42032990647,1957.31029315115,2,10
1994-07-01,"r_Inflation_Category[low,Intercept]",1.00228864342644,1353.87135054245,1554.98276149683,2,10
1994-07-01,"r_Inflation_Category[medium,Intercept]",1.00275170141453,1264.67170792447,1298.2400176851,2,10
1994-07-01,"r_Inflation_Category[negative,Intercept]",1.00292128766914,1387.86386002997,1500.79929156706,2,10
1994-07-01,"r_Inflation_Category[high,CAPE]",1.00051183645336,1450.72246681579,1817.1152072956,2,10
1994-07-01,"r_Inflation_Category[low,CAPE]",1.00141114146066,1188.50674957606,1684.22787453941,2,10
1994-07-01,"r_Inflation_Category[medium,CAPE]",1.0013655004223,1200.50743385494,1637.16621666867,2,10
1994-07-01,"r_Inflation_Category[negative,CAPE]",1.00144815313374,1216.65638753535,1667.24115984177,2,10
1995-01-01,"b_Intercept",1.00239264984664,1309.39928484576,1525.08954844342,2,11
1995-01-01,"b_CAPE",1.0001704834054,1392.83749299271,1385.4811496862,2,11
1995-01-01,"sd_Inflation_Category__Intercept",0.999957409640125,1245.74194731177,1392.99968208383,2,11
1995-01-01,"sd_Inflation_Category__CAPE",1.00425169269147,1051.04622807156,1114.21534699466,2,11
1995-01-01,"cor_Inflation_Category__Intercept__CAPE",1.00052956274423,1353.16317887135,1830.19620123218,2,11
1995-01-01,"sigma",0.999793604390994,3121.7224323441,1913.13888634959,2,11
1995-01-01,"r_Inflation_Category[high,Intercept]",1.0023617371214,1460.97858216178,1665.74216197434,2,11
1995-01-01,"r_Inflation_Category[low,Intercept]",1.00165422649265,1425.0198599112,1831.69341603225,2,11
1995-01-01,"r_Inflation_Category[medium,Intercept]",1.00210061106008,1356.44676970973,1587.49188524034,2,11
1995-01-01,"r_Inflation_Category[negative,Intercept]",1.0013138806224,1385.28143486177,1896.68805932091,2,11
1995-01-01,"r_Inflation_Category[high,CAPE]",1.0000111545662,1582.81687388492,1497.16208689277,2,11
1995-01-01,"r_Inflation_Category[low,CAPE]",1.00093049509144,1451.69578435393,1488.41397092232,2,11
1995-01-01,"r_Inflation_Category[medium,CAPE]",1.00038878432948,1465.77253305738,1448.15191050241,2,11
1995-01-01,"r_Inflation_Category[negative,CAPE]",1.00044916395441,1451.32429597601,1460.63305884247,2,11
1995-07-01,"b_Intercept",1.00262352712867,1279.80664803292,1567.65904466912,2,12
1995-07-01,"b_CAPE",1.00101588051885,1379.58366479239,1128.28302735013,2,12
1995-07-01,"sd_Inflation_Category__Intercept",0.999788945428253,1493.26623480103,1834.09958503384,2,12
1995-07-01,"sd_Inflation_Category__CAPE",0.999827972607091,987.877209662544,1316.80757572624,2,12
1995-07-01,"cor_Inflation_Category__Intercept__CAPE",1.00068754009946,1461.86706510874,1744.94589133498,2,12
1995-07-01,"sigma",0.999869184383889,2966.54792635207,2248.30127796656,2,12
1995-07-01,"r_Inflation_Category[high,Intercept]",1.00146339130856,1413.4049448649,1822.49136733981,2,12
1995-07-01,"r_Inflation_Category[low,Intercept]",1.00318831535933,1394.07169950261,1655.68147265686,2,12
1995-07-01,"r_Inflation_Category[medium,Intercept]",1.00227114236503,1543.71742605423,1833.03503117899,2,12
1995-07-01,"r_Inflation_Category[negative,Intercept]",1.00094750620282,1410.72102489853,1586.85017547246,2,12
1995-07-01,"r_Inflation_Category[high,CAPE]",1.00015166469147,1474.24730433026,1398.97617875902,2,12
1995-07-01,"r_Inflation_Category[low,CAPE]",1.00132199369101,1478.51814832482,1350.64810881923,2,12
1995-07-01,"r_Inflation_Category[medium,CAPE]",1.00074828853881,1391.98299351562,1133.84307265901,2,12
1995-07-01,"r_Inflation_Category[negative,CAPE]",1.00035960226655,1477.15649523356,1294.8540493074,2,12
1996-01-01,"b_Intercept",1.00001661710434,1410.95438622399,1770.40904958894,3,13
1996-01-01,"b_CAPE",0.999797778506467,1250.12832577891,1265.20797468441,3,13
1996-01-01,"sd_Inflation_Category__Intercept",1.00037605559344,1192.62103997677,1648.59746980673,3,13
1996-01-01,"sd_Inflation_Category__CAPE",0.999982766936947,1049.76833280515,1555.72472939858,3,13
1996-01-01,"cor_Inflation_Category__Intercept__CAPE",1.00030164144091,1441.52137250795,1292.41607984485,3,13
1996-01-01,"sigma",1.00003917313361,2847.92661744656,1404.62087864404,3,13
1996-01-01,"r_Inflation_Category[high,Intercept]",1.00037421883245,1499.09731795548,1879.13395293653,3,13
1996-01-01,"r_Inflation_Category[low,Intercept]",0.999685213931933,1514.69945467429,2027.2483553299,3,13
1996-01-01,"r_Inflation_Category[medium,Intercept]",0.99983099553511,1589.45557602365,2059.88264300373,3,13
1996-01-01,"r_Inflation_Category[negative,Intercept]",0.999993894837267,1410.84053644219,1836.09969613967,3,13
1996-01-01,"r_Inflation_Category[high,CAPE]",0.999760295859429,1192.87523161035,1295.87327952967,3,13
1996-01-01,"r_Inflation_Category[low,CAPE]",0.999849481046799,1285.1510777222,1264.20234959388,3,13
1996-01-01,"r_Inflation_Category[medium,CAPE]",0.999879491377148,1316.52418564288,1301.72276545227,3,13
1996-01-01,"r_Inflation_Category[negative,CAPE]",0.999830733480192,1312.72860667349,1464.25152509528,3,13
1996-07-01,"b_Intercept",1.0054183135897,1435.42569586675,1657.31699112061,3,14
1996-07-01,"b_CAPE",1.00084405510479,1230.52932323334,1364.87734314266,3,14
1996-07-01,"sd_Inflation_Category__Intercept",1.00058307523679,1246.57191113337,1546.45942908571,3,14
1996-07-01,"sd_Inflation_Category__CAPE",1.00086235150029,1024.04661102477,1486.64227577446,3,14
1996-07-01,"cor_Inflation_Category__Intercept__CAPE",0.999883435619525,1674.56857360619,1840.97534290522,3,14
1996-07-01,"sigma",1.00079210671785,3162.46144617688,2275.6858175771,3,14
1996-07-01,"r_Inflation_Category[high,Intercept]",1.00137770259441,1524.71175656638,1711.75344801957,3,14
1996-07-01,"r_Inflation_Category[low,Intercept]",1.00121716553654,1559.9841040216,1970.08109409596,3,14
1996-07-01,"r_Inflation_Category[medium,Intercept]",1.00305132446126,1692.24463178371,1707.22761718758,3,14
1996-07-01,"r_Inflation_Category[negative,Intercept]",1.00166460247971,1481.73084182123,1771.49044857408,3,14
1996-07-01,"r_Inflation_Category[high,CAPE]",1.00017707467006,1341.50285558476,1648.81934582352,3,14
1996-07-01,"r_Inflation_Category[low,CAPE]",1.00094070416717,1293.1524092656,1325.67907057353,3,14
1996-07-01,"r_Inflation_Category[medium,CAPE]",1.00121696721977,1318.77905151828,1456.84420891152,3,14
1996-07-01,"r_Inflation_Category[negative,CAPE]",1.00020692662636,1291.81439401787,1414.46710508951,3,14
1997-01-01,"b_Intercept",1.0050204001706,1336.36047174755,1672.16776442821,3,15
1997-01-01,"b_CAPE",0.999731781619832,1311.99587468674,1248.89354521069,3,15
1997-01-01,"sd_Inflation_Category__Intercept",1.00125565739282,1338.10159049052,1609.67058571571,3,15
1997-01-01,"sd_Inflation_Category__CAPE",0.999865281890775,838.345438059144,1062.40850560116,3,15
1997-01-01,"cor_Inflation_Category__Intercept__CAPE",1.00002609080536,1294.22010968043,1935.89450027313,3,15
1997-01-01,"sigma",0.999752320925491,3342.41800495344,2083.72433111467,3,15
1997-01-01,"r_Inflation_Category[high,Intercept]",1.00245386712587,1478.33372916317,1773.93905947104,3,15
1997-01-01,"r_Inflation_Category[low,Intercept]",1.00438392491495,1363.90586539376,1805.26219177736,3,15
1997-01-01,"r_Inflation_Category[medium,Intercept]",1.00550757805439,1478.20565478172,1993.56743635646,3,15
1997-01-01,"r_Inflation_Category[negative,Intercept]",1.00444254107065,1444.35900695598,1799.46831785774,3,15
1997-01-01,"r_Inflation_Category[high,CAPE]",0.999752813057851,1421.8093769719,1693.41460618696,3,15
1997-01-01,"r_Inflation_Category[low,CAPE]",0.99995122069523,1358.15171478726,1355.26740284203,3,15
1997-01-01,"r_Inflation_Category[medium,CAPE]",0.999840061186881,1339.29971171645,1386.53241027665,3,15
1997-01-01,"r_Inflation_Category[negative,CAPE]",0.999771362624249,1348.60605501432,1431.48984552636,3,15
1997-07-01,"b_Intercept",0.999980166154223,1165.31733351105,1494.97342248175,3,16
1997-07-01,"b_CAPE",1.00037565978952,1433.65748983634,1357.23105227661,3,16
1997-07-01,"sd_Inflation_Category__Intercept",1.0009797200895,1325.76693080446,1573.32322078408,3,16
1997-07-01,"sd_Inflation_Category__CAPE",1.00026295378183,938.270159278032,1215.71142386399,3,16
1997-07-01,"cor_Inflation_Category__Intercept__CAPE",1.00004199276702,1679.80113874971,2055.04662028362,3,16
1997-07-01,"sigma",1.00014515556262,3380.62966629395,2009.57983251788,3,16
1997-07-01,"r_Inflation_Category[high,Intercept]",0.999831095143552,1301.05041958889,1622.91458080333,3,16
1997-07-01,"r_Inflation_Category[low,Intercept]",0.999845758389041,1356.78089674812,1739.30392554353,3,16
1997-07-01,"r_Inflation_Category[medium,Intercept]",0.999990727504972,1312.8129001206,1720.04866046316,3,16
1997-07-01,"r_Inflation_Category[negative,Intercept]",1.00019725148878,1285.30040610231,1587.37333735482,3,16
1997-07-01,"r_Inflation_Category[high,CAPE]",1.00032814168459,1460.43931877946,1573.48037518485,3,16
1997-07-01,"r_Inflation_Category[low,CAPE]",1.00051815164998,1446.11165123299,1395.29805336848,3,16
1997-07-01,"r_Inflation_Category[medium,CAPE]",1.00142296342172,1459.79981997289,1324.67884352744,3,16
1997-07-01,"r_Inflation_Category[negative,CAPE]",1.0000448238561,1466.86386578439,1246.96413994743,3,16
1998-01-01,"b_Intercept",1.00004036329621,1341.33086548528,1652.39963118509,3,17
1998-01-01,"b_CAPE",1.00284532982192,982.706049479113,901.358536901468,3,17
1998-01-01,"sd_Inflation_Category__Intercept",1.00067610032246,1344.1328329112,1573.82496853771,3,17
1998-01-01,"sd_Inflation_Category__CAPE",0.999826661579223,911.619285091729,1261.47289362035,3,17
1998-01-01,"cor_Inflation_Category__Intercept__CAPE",1.0001797420869,1452.09214239837,1663.91950773653,3,17
1998-01-01,"sigma",0.99971773100063,3550.28305922032,1880.46244161609,3,17
1998-01-01,"r_Inflation_Category[high,Intercept]",1.00015232941054,1364.38629037465,1688.12404218539,3,17
1998-01-01,"r_Inflation_Category[low,Intercept]",0.999907468982565,1469.73095796457,1616.95789277132,3,17
1998-01-01,"r_Inflation_Category[medium,Intercept]",0.99996897648568,1525.14625219158,1783.46588981923,3,17
1998-01-01,"r_Inflation_Category[negative,Intercept]",1.0004228136049,1444.50280072158,1897.92297407778,3,17
1998-01-01,"r_Inflation_Category[high,CAPE]",1.00243269522761,1041.78476481737,935.407818225326,3,17
1998-01-01,"r_Inflation_Category[low,CAPE]",1.00246529809035,1006.09549109527,994.836416301143,3,17
1998-01-01,"r_Inflation_Category[medium,CAPE]",1.00215531857798,1009.43145147885,920.459276093047,3,17
1998-01-01,"r_Inflation_Category[negative,CAPE]",1.00291972124836,981.629310923655,958.90516027928,3,17
1998-07-01,"b_Intercept",0.999918859402133,1273.51666491147,1329.83714839043,3,18
1998-07-01,"b_CAPE",0.999812778828984,1399.81669144714,1279.31458182425,3,18
1998-07-01,"sd_Inflation_Category__Intercept",1.00136883302415,1462.12675022561,1577.15156652111,3,18
1998-07-01,"sd_Inflation_Category__CAPE",1.0031351002481,957.812243356838,1584.68779689006,3,18
1998-07-01,"cor_Inflation_Category__Intercept__CAPE",0.999710507684187,1647.95566909143,1666.6042551725,3,18
1998-07-01,"sigma",1.0000030247294,2833.21228261837,1875.42871572452,3,18
1998-07-01,"r_Inflation_Category[high,Intercept]",0.999707945415248,1363.10923714825,1467.04849943523,3,18
1998-07-01,"r_Inflation_Category[low,Intercept]",0.999733900057878,1370.0310848145,1342.63463226811,3,18
1998-07-01,"r_Inflation_Category[medium,Intercept]",1.0000718157898,1419.46934371945,1348.97849197773,3,18
1998-07-01,"r_Inflation_Category[negative,Intercept]",1.00040659418601,1485.6406400085,1803.80032077502,3,18
1998-07-01,"r_Inflation_Category[high,CAPE]",0.999842871015524,1473.95418457011,1331.85280455902,3,18
1998-07-01,"r_Inflation_Category[low,CAPE]",1.00026607079877,1396.34236195869,1427.34989667722,3,18
1998-07-01,"r_Inflation_Category[medium,CAPE]",1.000062902744,1469.36825158377,1278.3197394501,3,18
1998-07-01,"r_Inflation_Category[negative,CAPE]",0.99971508442649,1473.35845249114,1327.98169578858,3,18
1999-01-01,"b_Intercept",0.999825681663384,1176.19205318683,1368.43671018791,4,19
1999-01-01,"b_CAPE",1.00016486945989,1448.29577868038,1325.86000470189,4,19
1999-01-01,"sd_Inflation_Category__Intercept",1.00021576392167,1407.13693366151,1758.29444724721,4,19
1999-01-01,"sd_Inflation_Category__CAPE",1.00281414615411,1238.92761333869,1602.92844343929,4,19
1999-01-01,"cor_Inflation_Category__Intercept__CAPE",1.00003204270529,1395.87380116623,1827.33779239764,4,19
1999-01-01,"sigma",1.00234387078056,3633.25188299519,2059.16754862319,4,19
1999-01-01,"r_Inflation_Category[high,Intercept]",1.0000670282885,1292.81303228259,1482.92505455032,4,19
1999-01-01,"r_Inflation_Category[low,Intercept]",1.00052176687806,1328.89081789146,1572.81541198409,4,19
1999-01-01,"r_Inflation_Category[medium,Intercept]",0.999668845544117,1280.54999406446,1379.7625493533,4,19
1999-01-01,"r_Inflation_Category[negative,Intercept]",0.999967405228653,1276.34549313128,1467.45526066794,4,19
1999-01-01,"r_Inflation_Category[high,CAPE]",0.99969902971384,1456.62290852178,1383.60483483957,4,19
1999-01-01,"r_Inflation_Category[low,CAPE]",1.00026842639864,1489.6397301003,1421.70519562954,4,19
1999-01-01,"r_Inflation_Category[medium,CAPE]",1.00031900980774,1494.19055617375,1467.14887352931,4,19
1999-01-01,"r_Inflation_Category[negative,CAPE]",0.999730525127943,1463.72617718948,1408.33954875553,4,19
1999-07-01,"b_Intercept",1.00019375441461,1501.80291281224,1742.22901716688,4,20
1999-07-01,"b_CAPE",1.00255644656857,1669.9240199434,1497.5529399231,4,20
1999-07-01,"sd_Inflation_Category__Intercept",1.00100926963619,1358.11056106414,1689.76951172133,4,20
1999-07-01,"sd_Inflation_Category__CAPE",1.00082671212866,1088.27756063049,1520.91712242055,4,20
1999-07-01,"cor_Inflation_Category__Intercept__CAPE",1.00213331464286,1332.38632557919,1758.15056080421,4,20
1999-07-01,"sigma",0.999747698971492,3085.70423847644,1686.78074290307,4,20
1999-07-01,"r_Inflation_Category[high,Intercept]",1.0004751857607,1495.68596913278,2069.03612791403,4,20
1999-07-01,"r_Inflation_Category[low,Intercept]",0.99994334088606,1601.93647348046,1832.60809034923,4,20
1999-07-01,"r_Inflation_Category[medium,Intercept]",1.00072660048799,1689.47075720728,2003.50913646027,4,20
1999-07-01,"r_Inflation_Category[negative,Intercept]",1.00005235260748,1516.87984501149,1880.19830336021,4,20
1999-07-01,"r_Inflation_Category[high,CAPE]",1.00261664053917,1782.03515384388,1688.81075815321,4,20
1999-07-01,"r_Inflation_Category[low,CAPE]",1.00276537728471,1697.61041187385,1547.77452869754,4,20
1999-07-01,"r_Inflation_Category[medium,CAPE]",1.00198281610602,1736.22497903517,1662.42802121652,4,20
1999-07-01,"r_Inflation_Category[negative,CAPE]",1.00202153480574,1676.52156378481,1520.47796280048,4,20
2000-01-01,"b_Intercept",0.999891033029662,1210.42560823618,1407.1773982034,4,21
2000-01-01,"b_CAPE",1.00002154068991,1022.22805692268,1050.29558855898,4,21
2000-01-01,"sd_Inflation_Category__Intercept",1.00019028095987,1291.44023972088,1650.77278338083,4,21
2000-01-01,"sd_Inflation_Category__CAPE",1.00331205457564,669.016838355128,1085.59954865481,4,21
2000-01-01,"cor_Inflation_Category__Intercept__CAPE",1.00026160452462,1461.32587618969,1966.63030101439,4,21
2000-01-01,"sigma",0.99981971798607,3751.23937448038,2030.88748669589,4,21
2000-01-01,"r_Inflation_Category[high,Intercept]",0.999920673456537,1250.26083583985,1426.0814590564,4,21
2000-01-01,"r_Inflation_Category[low,Intercept]",1.00023851214669,1300.99292310354,1705.99390701905,4,21
2000-01-01,"r_Inflation_Category[medium,Intercept]",0.999782236025728,1371.42684850524,1608.87109141981,4,21
2000-01-01,"r_Inflation_Category[negative,Intercept]",1.00021357383789,1278.39268500267,1801.23732069069,4,21
2000-01-01,"r_Inflation_Category[high,CAPE]",1.00064017731742,1036.24127897455,902.682970581025,4,21
2000-01-01,"r_Inflation_Category[low,CAPE]",1.00005867073343,1023.97218975685,935.983552610588,4,21
2000-01-01,"r_Inflation_Category[medium,CAPE]",1.00101500088297,1069.69199946538,968.555459193014,4,21
2000-01-01,"r_Inflation_Category[negative,CAPE]",1.00027371643,1011.06001105086,932.370873077176,4,21
2000-07-01,"b_Intercept",1.00485770487857,1212.91143731044,1595.7761406112,4,22
2000-07-01,"b_CAPE",1.00008081610376,1654.38670587251,1636.33509760902,4,22
2000-07-01,"sd_Inflation_Category__Intercept",1.00043165203278,1406.67492456445,1757.87563615857,4,22
2000-07-01,"sd_Inflation_Category__CAPE",1.00033086882089,1217.93840425444,1662.24123885537,4,22
2000-07-01,"cor_Inflation_Category__Intercept__CAPE",0.999833718508996,1844.59336110373,1964.93832917724,4,22
2000-07-01,"sigma",0.999756643462493,3265.34458061684,1951.81953798251,4,22
2000-07-01,"r_Inflation_Category[high,Intercept]",1.00410987994712,1308.05761858696,1619.88307572648,4,22
2000-07-01,"r_Inflation_Category[low,Intercept]",1.00437457104028,1369.5572144398,1807.93882217084,4,22
2000-07-01,"r_Inflation_Category[medium,Intercept]",1.00493112936097,1374.13256409938,1706.42754467264,4,22
2000-07-01,"r_Inflation_Category[negative,Intercept]",1.00465152815343,1303.85887703411,1615.28203800873,4,22
2000-07-01,"r_Inflation_Category[high,CAPE]",1.00090094433005,1704.58325148961,1650.63539665181,4,22
2000-07-01,"r_Inflation_Category[low,CAPE]",0.999768548565262,1664.12903532285,1674.31051086798,4,22
2000-07-01,"r_Inflation_Category[medium,CAPE]",0.999943434592305,1719.71582553895,1694.64966144502,4,22
2000-07-01,"r_Inflation_Category[negative,CAPE]",0.999858298122971,1672.71459402756,1672.89624466762,4,22
2001-01-01,"b_Intercept",1.00032509327679,1034.7645267781,1735.93174605862,4,23
2001-01-01,"b_CAPE",0.999767753365586,1238.87831683475,1090.17255983578,4,23
2001-01-01,"sd_Inflation_Category__Intercept",1.00081914490934,1134.44444637251,1783.34433309452,4,23
2001-01-01,"sd_Inflation_Category__CAPE",1.00100473488603,947.719474075018,1458.03827489333,4,23
2001-01-01,"cor_Inflation_Category__Intercept__CAPE",1.00178374281902,1445.28673445002,1211.21100242853,4,23
2001-01-01,"sigma",1.00117026811891,3340.8861727047,2075.03059588314,4,23
2001-01-01,"r_Inflation_Category[high,Intercept]",1.00058923720744,1121.24646017772,1747.34663139394,4,23
2001-01-01,"r_Inflation_Category[low,Intercept]",0.99984776568239,1056.00626506383,1773.9579527437,4,23
2001-01-01,"r_Inflation_Category[medium,Intercept]",1.00025509501721,1194.53967951315,1851.63699057918,4,23
2001-01-01,"r_Inflation_Category[negative,Intercept]",0.999886734123624,1023.40761321744,1852.96257803009,4,23
2001-01-01,"r_Inflation_Category[high,CAPE]",0.999697064548622,1199.19737733946,1141.28532638079,4,23
2001-01-01,"r_Inflation_Category[low,CAPE]",0.999775866737501,1220.24513123617,1140.07962015936,4,23
2001-01-01,"r_Inflation_Category[medium,CAPE]",0.999716336620916,1310.0189232863,1068.57405675981,4,23
2001-01-01,"r_Inflation_Category[negative,CAPE]",1.00029069966273,1188.34350078208,1212.13636987455,4,23
2001-07-01,"b_Intercept",1.00019493875469,1129.85674570515,1342.75091918705,4,24
2001-07-01,"b_CAPE",1.00091195539699,1414.53670407288,1143.33678454705,4,24
2001-07-01,"sd_Inflation_Category__Intercept",0.999674273234957,1266.78112177782,1521.20678905274,4,24
2001-07-01,"sd_Inflation_Category__CAPE",1.0071314709753,703.113396248486,811.536326303356,4,24
2001-07-01,"cor_Inflation_Category__Intercept__CAPE",0.999719358353291,1564.98481740895,1462.67162519181,4,24
2001-07-01,"sigma",0.999868527339388,3460.91037508468,2135.54518321297,4,24
2001-07-01,"r_Inflation_Category[high,Intercept]",1.00054931514399,1193.65116062982,1359.5372597112,4,24
2001-07-01,"r_Inflation_Category[low,Intercept]",1.00044782636934,1263.75038498607,1497.3033532162,4,24
2001-07-01,"r_Inflation_Category[medium,Intercept]",1.00011707913735,1354.6395809354,1933.87983951898,4,24
2001-07-01,"r_Inflation_Category[negative,Intercept]",1.001036897548,1220.32865576087,1522.54221261362,4,24
2001-07-01,"r_Inflation_Category[high,CAPE]",1.00165549730449,1514.75891515871,1201.62069858079,4,24
2001-07-01,"r_Inflation_Category[low,CAPE]",1.000710255412,1470.73177434718,1157.82665632971,4,24
2001-07-01,"r_Inflation_Category[medium,CAPE]",1.00110219396209,1525.35362251326,1085.46919564206,4,24
2001-07-01,"r_Inflation_Category[negative,CAPE]",1.00203312707232,1330.5679269477,1161.75047433926,4,24
2002-01-01,"b_Intercept",1.00091165828329,1192.55637598737,1392.36994663889,5,25
2002-01-01,"b_CAPE",1.0004476289633,1305.14391559697,1211.05033289013,5,25
2002-01-01,"sd_Inflation_Category__Intercept",1.00045600660781,1373.08216504567,1534.95344351436,5,25
2002-01-01,"sd_Inflation_Category__CAPE",1.00054058329555,1020.68394270811,1191.32420206386,5,25
2002-01-01,"cor_Inflation_Category__Intercept__CAPE",1.00003745595448,1528.94315728407,1704.07241989678,5,25
2002-01-01,"sigma",1.00206987513084,2788.52508101741,1756.35762604588,5,25
2002-01-01,"r_Inflation_Category[high,Intercept]",1.0005303525443,1234.24656692133,1613.30853502809,5,25
2002-01-01,"r_Inflation_Category[low,Intercept]",1.0003336309463,1257.94248536262,1539.67186574397,5,25
2002-01-01,"r_Inflation_Category[medium,Intercept]",1.00040850729436,1345.85049034806,1521.09549655301,5,25
2002-01-01,"r_Inflation_Category[negative,Intercept]",1.0008594067825,1264.3405621864,1532.78495351305,5,25
2002-01-01,"r_Inflation_Category[high,CAPE]",1.00028405088604,1343.17896217821,1313.50490455113,5,25
2002-01-01,"r_Inflation_Category[low,CAPE]",1.00031423038882,1341.3190633199,1132.15792606099,5,25
2002-01-01,"r_Inflation_Category[medium,CAPE]",0.999986437892923,1358.51858646067,1246.13362590315,5,25
2002-01-01,"r_Inflation_Category[negative,CAPE]",1.00052621441991,1349.26610831253,1217.73770341592,5,25
2002-07-01,"b_Intercept",1.00116739008784,1181.00317287002,1644.54051447397,5,26
2002-07-01,"b_CAPE",1.00102149219249,1078.97425380371,974.875832788251,5,26
2002-07-01,"sd_Inflation_Category__Intercept",1.00185562148912,1196.08741093326,1753.16582241867,5,26
2002-07-01,"sd_Inflation_Category__CAPE",1.0042561639361,960.216749357285,1119.05922308279,5,26
2002-07-01,"cor_Inflation_Category__Intercept__CAPE",1.00048495539463,1403.52808618765,1594.14774410518,5,26
2002-07-01,"sigma",0.999730242846228,3329.70972549796,2023.50834797979,5,26
2002-07-01,"r_Inflation_Category[high,Intercept]",1.00170169462063,1241.69081301922,1682.98853462868,5,26
2002-07-01,"r_Inflation_Category[low,Intercept]",1.00168844011951,1269.84237410523,1502.21593563084,5,26
2002-07-01,"r_Inflation_Category[medium,Intercept]",0.999968599850368,1440.38210525607,1921.95744415538,5,26
2002-07-01,"r_Inflation_Category[negative,Intercept]",1.0010469975604,1208.83995158169,1596.19222279968,5,26
2002-07-01,"r_Inflation_Category[high,CAPE]",1.00167725721279,1054.22629257287,1039.93574312367,5,26
2002-07-01,"r_Inflation_Category[low,CAPE]",1.00131509478308,1097.50536341205,970.460134544837,5,26
2002-07-01,"r_Inflation_Category[medium,CAPE]",1.00016679577634,1123.04290965787,1111.49296717205,5,26
2002-07-01,"r_Inflation_Category[negative,CAPE]",1.00106851210353,1097.81672005419,939.06903483414,5,26
2003-01-01,"b_Intercept",1.00019493319414,877.256050380424,1520.43453480299,5,27
2003-01-01,"b_CAPE",1.00198787356265,1376.10307042673,1739.40072257511,5,27
2003-01-01,"sd_Inflation_Category__Intercept",1.00054882327842,1286.15190331724,1819.29149125034,5,27
2003-01-01,"sd_Inflation_Category__CAPE",0.999728612273273,1262.85429479395,1650.50510149343,5,27
2003-01-01,"cor_Inflation_Category__Intercept__CAPE",1.00130698189595,1525.48138882887,1687.86899471492,5,27
2003-01-01,"sigma",1.00045346101467,3314.99270174499,1989.29729127868,5,27
2003-01-01,"r_Inflation_Category[high,Intercept]",0.999738714710172,908.137275557194,1574.90846069788,5,27
2003-01-01,"r_Inflation_Category[low,Intercept]",1.00002905546843,1037.20770642755,1505.43543012296,5,27
2003-01-01,"r_Inflation_Category[medium,Intercept]",1.00080255293351,1019.61121057552,1592.56939388464,5,27
2003-01-01,"r_Inflation_Category[negative,Intercept]",1.00013320839923,949.757748056666,1629.51859556699,5,27
2003-01-01,"r_Inflation_Category[high,CAPE]",1.00188761856779,1464.77671892918,1847.63019733676,5,27
2003-01-01,"r_Inflation_Category[low,CAPE]",1.00155795932396,1418.94235541895,1677.86620001578,5,27
2003-01-01,"r_Inflation_Category[medium,CAPE]",1.00283323642101,1377.45323292942,1527.39060055662,5,27
2003-01-01,"r_Inflation_Category[negative,CAPE]",1.00170647913006,1446.42729561344,1825.72940270457,5,27
2003-07-01,"b_Intercept",1.00067043341901,946.822114144305,728.504799765181,5,28
2003-07-01,"b_CAPE",1.00192723046204,1036.50134412927,1037.86011407353,5,28
2003-07-01,"sd_Inflation_Category__Intercept",1.00174081214219,1169.6990474535,1347.47722334523,5,28
2003-07-01,"sd_Inflation_Category__CAPE",1.00113751690808,844.706428954005,1238.59877009091,5,28
2003-07-01,"cor_Inflation_Category__Intercept__CAPE",1.00043869549321,1779.30724406839,1655.08178729957,5,28
2003-07-01,"sigma",0.999746720817127,2773.06171854067,2206.19931191356,5,28
2003-07-01,"r_Inflation_Category[high,Intercept]",1.00027119049229,1053.30916237101,1029.68180928117,5,28
2003-07-01,"r_Inflation_Category[low,Intercept]",1.00062224170235,1079.84196549943,848.876406699721,5,28
2003-07-01,"r_Inflation_Category[medium,Intercept]",1.00287991093597,1158.6235141131,809.245485959368,5,28
2003-07-01,"r_Inflation_Category[negative,Intercept]",1.00123705836636,1077.57355621411,1028.19453812759,5,28
2003-07-01,"r_Inflation_Category[high,CAPE]",1.00244569767268,1056.08005306329,1085.1514704743,5,28
2003-07-01,"r_Inflation_Category[low,CAPE]",1.0015015070453,1068.05670954016,1047.41568027558,5,28
2003-07-01,"r_Inflation_Category[medium,CAPE]",1.00094521906755,1176.87610141466,1125.27977788103,5,28
2003-07-01,"r_Inflation_Category[negative,CAPE]",1.0016473972371,1075.07828148027,1053.92100168787,5,28
2004-01-01,"b_Intercept",1.00517130835105,1105.61896590896,1338.51223359516,5,29
2004-01-01,"b_CAPE",1.00201905426285,1423.54927695004,1226.92806448005,5,29
2004-01-01,"sd_Inflation_Category__Intercept",1.00016138922986,1379.08742651797,1803.14303970056,5,29
2004-01-01,"sd_Inflation_Category__CAPE",1.00420058664918,983.011087982621,1315.67511681248,5,29
2004-01-01,"cor_Inflation_Category__Intercept__CAPE",1.00032517859868,1725.62858064137,1900.23234272681,5,29
2004-01-01,"sigma",1.00003377941452,2961.932770241,1984.29054661258,5,29
2004-01-01,"r_Inflation_Category[high,Intercept]",1.00377387362374,1179.03874479036,1482.2188016311,5,29
2004-01-01,"r_Inflation_Category[low,Intercept]",1.00332753056977,1267.34550254464,1588.18196514055,5,29
2004-01-01,"r_Inflation_Category[medium,Intercept]",1.00570889845326,1272.73834252416,1509.10668276565,5,29
2004-01-01,"r_Inflation_Category[negative,Intercept]",1.00374658688231,1200.34851072752,1489.93893797079,5,29
2004-01-01,"r_Inflation_Category[high,CAPE]",1.00294181616357,1362.26402413979,1168.14795203461,5,29
2004-01-01,"r_Inflation_Category[low,CAPE]",1.00231546023236,1468.81561053155,1224.30850705432,5,29
2004-01-01,"r_Inflation_Category[medium,CAPE]",1.00209845985967,1548.85259122782,1445.01362808341,5,29
2004-01-01,"r_Inflation_Category[negative,CAPE]",1.00209891811129,1438.42699791319,1212.6266049934,5,29
2004-07-01,"b_Intercept",1.00188259230294,1150.93387576603,1478.66308161811,5,30
2004-07-01,"b_CAPE",1.00212998035428,1000.19616938282,994.473488415338,5,30
2004-07-01,"sd_Inflation_Category__Intercept",1.00078392788493,1451.3387706842,1977.35770977132,5,30
2004-07-01,"sd_Inflation_Category__CAPE",0.999700737427189,926.050683417624,1073.045721137,5,30
2004-07-01,"cor_Inflation_Category__Intercept__CAPE",1.00011459621389,1401.16057513684,1478.22930879218,5,30
2004-07-01,"sigma",0.999773290077604,3080.41999371862,1805.48593319629,5,30
2004-07-01,"r_Inflation_Category[high,Intercept]",1.00180686530331,1204.14944352083,1569.1285524877,5,30
2004-07-01,"r_Inflation_Category[low,Intercept]",1.00310818452263,1274.64425394046,1630.71100254584,5,30
2004-07-01,"r_Inflation_Category[medium,Intercept]",1.00258484567724,1274.96428979547,1497.32929882293,5,30
2004-07-01,"r_Inflation_Category[negative,Intercept]",1.00414736512524,1225.40040207793,1680.75408679457,5,30
2004-07-01,"r_Inflation_Category[high,CAPE]",1.0021704070466,1073.30060848068,1057.5947395424,5,30
2004-07-01,"r_Inflation_Category[low,CAPE]",1.00081214477629,1066.45272094749,1009.92008625854,5,30
2004-07-01,"r_Inflation_Category[medium,CAPE]",1.00160352331743,1138.9977984807,969.403028402434,5,30
2004-07-01,"r_Inflation_Category[negative,CAPE]",1.00055219854566,991.49005595299,1020.18881951464,5,30
2005-01-01,"b_Intercept",1.00040849680859,1117.47676343622,1250.18724697424,6,31
2005-01-01,"b_CAPE",1.0010646942038,1183.47738151529,990.905022269604,6,31
2005-01-01,"sd_Inflation_Category__Intercept",1.00138734229971,1249.56508628909,1656.7259357891,6,31
2005-01-01,"sd_Inflation_Category__CAPE",1.00091199863773,935.21777480485,1043.95038376541,6,31
2005-01-01,"cor_Inflation_Category__Intercept__CAPE",1.0006046795373,1459.10885970744,1421.56464088318,6,31
2005-01-01,"sigma",1.00014736819842,2543.96614129525,1970.38045835096,6,31
2005-01-01,"r_Inflation_Category[high,Intercept]",1.0000811166974,1149.43585329819,1202.82889094175,6,31
2005-01-01,"r_Inflation_Category[low,Intercept]",1.00130807975726,1264.17541432832,1130.30923814073,6,31
2005-01-01,"r_Inflation_Category[medium,Intercept]",1.00087541455591,1324.01561807394,1295.14934293241,6,31
2005-01-01,"r_Inflation_Category[negative,Intercept]",1.00049770014114,1224.41393582064,1145.15268246351,6,31
2005-01-01,"r_Inflation_Category[high,CAPE]",1.00107467185198,1248.6955060501,1089.81505877377,6,31
2005-01-01,"r_Inflation_Category[low,CAPE]",1.00067984597062,1324.79747234656,914.244786740343,6,31
2005-01-01,"r_Inflation_Category[medium,CAPE]",1.00058807493478,1286.1677643637,879.476564382019,6,31
2005-01-01,"r_Inflation_Category[negative,CAPE]",1.00077568271625,1157.12123880627,873.911865018686,6,31
2005-07-01,"b_Intercept",0.999962501843216,963.785940545174,1131.43665415817,6,32
2005-07-01,"b_CAPE",1.00197063600684,768.474287685793,493.872063336078,6,32
2005-07-01,"sd_Inflation_Category__Intercept",0.999800330379755,1482.8144575694,1764.12229215143,6,32
2005-07-01,"sd_Inflation_Category__CAPE",1.00171422185087,648.284250639895,733.681621613305,6,32
2005-07-01,"cor_Inflation_Category__Intercept__CAPE",1.00268951380564,1388.24393187512,1383.49610945436,6,32
2005-07-01,"sigma",1.00003916928216,3434.89006391724,1937.75058466172,6,32
2005-07-01,"r_Inflation_Category[high,Intercept]",0.999851020208496,1040.9689034676,1242.93644023642,6,32
2005-07-01,"r_Inflation_Category[low,Intercept]",1.00051969702775,1094.67843943293,1331.97738363446,6,32
2005-07-01,"r_Inflation_Category[medium,Intercept]",1.00058825855664,1157.66044429244,1275.3172400812,6,32
2005-07-01,"r_Inflation_Category[negative,Intercept]",1.0009994674704,1042.0940268462,1339.56154315343,6,32
2005-07-01,"r_Inflation_Category[high,CAPE]",1.00203953068746,731.967495745639,501.64745482205,6,32
2005-07-01,"r_Inflation_Category[low,CAPE]",1.00281768777583,797.21137726518,494.424639285518,6,32
2005-07-01,"r_Inflation_Category[medium,CAPE]",1.00172818105995,892.23563434637,523.597373605057,6,32
2005-07-01,"r_Inflation_Category[negative,CAPE]",1.00472385416663,760.793290636228,480.153770986275,6,32
2006-01-01,"b_Intercept",1.00192321595757,1225.54794735997,1386.56244881129,6,33
2006-01-01,"b_CAPE",1.00142380373394,814.495750313981,567.341380344676,6,33
2006-01-01,"sd_Inflation_Category__Intercept",1.00007768065775,1425.44401852052,1925.26212254556,6,33
2006-01-01,"sd_Inflation_Category__CAPE",1.0000412238884,763.215311231967,1019.19605851072,6,33
2006-01-01,"cor_Inflation_Category__Intercept__CAPE",1.0001935959603,1679.02155477406,1780.59376421424,6,33
2006-01-01,"sigma",0.999702131576858,2926.20803173746,1950.87882955422,6,33
2006-01-01,"r_Inflation_Category[high,Intercept]",1.00055578433727,1253.15945040611,1537.51890052031,6,33
2006-01-01,"r_Inflation_Category[low,Intercept]",1.00066545253395,1437.20612612687,1837.92765514159,6,33
2006-01-01,"r_Inflation_Category[medium,Intercept]",1.001281108414,1392.4366590142,1683.12438886381,6,33
2006-01-01,"r_Inflation_Category[negative,Intercept]",1.0055431451676,1206.47165225487,1610.59564128251,6,33
2006-01-01,"r_Inflation_Category[high,CAPE]",1.0029037716562,849.922001944187,619.62860998104,6,33
2006-01-01,"r_Inflation_Category[low,CAPE]",1.00136613292215,887.53033140261,598.039820238192,6,33
2006-01-01,"r_Inflation_Category[medium,CAPE]",1.00074534333809,839.6439771317,602.406132046292,6,33
2006-01-01,"r_Inflation_Category[negative,CAPE]",1.00177152755413,855.655881538981,611.726771604515,6,33
2006-07-01,"b_Intercept",0.999933109460374,846.104373751042,787.211598638961,6,34
2006-07-01,"b_CAPE",0.99994746571143,1238.10259927102,1077.39782836448,6,34
2006-07-01,"sd_Inflation_Category__Intercept",0.999894489896178,1036.88480153866,1285.20164558077,6,34
2006-07-01,"sd_Inflation_Category__CAPE",0.999675278530969,789.300996034327,894.849335579929,6,34
2006-07-01,"cor_Inflation_Category__Intercept__CAPE",1.00103550789758,1420.08644668643,1655.98024716331,6,34
2006-07-01,"sigma",1.00031087307236,3670.96130314799,1975.29830758893,6,34
2006-07-01,"r_Inflation_Category[high,Intercept]",1.00003607292088,851.549170523732,857.833295601855,6,34
2006-07-01,"r_Inflation_Category[low,Intercept]",0.999967737854325,899.365271787088,763.229359189856,6,34
2006-07-01,"r_Inflation_Category[medium,Intercept]",1.00020931399714,945.255242135249,797.795089531593,6,34
2006-07-01,"r_Inflation_Category[negative,Intercept]",1.00005288837635,831.161117883262,856.029625347167,6,34
2006-07-01,"r_Inflation_Category[high,CAPE]",0.99983326114233,1215.42929046602,1245.9040785543,6,34
2006-07-01,"r_Inflation_Category[low,CAPE]",1.00020047782577,1362.6795121499,1262.83838510699,6,34
2006-07-01,"r_Inflation_Category[medium,CAPE]",0.999840747067257,1180.4527299896,1276.74322074944,6,34
2006-07-01,"r_Inflation_Category[negative,CAPE]",1.00096789508491,1217.63716772548,1182.63973388577,6,34
2007-01-01,"b_Intercept",1.00233206989359,1086.94919842106,1251.58905508412,6,35
2007-01-01,"b_CAPE",1.00074719564704,1126.48862089792,962.529949429177,6,35
2007-01-01,"sd_Inflation_Category__Intercept",1.00224340723331,1383.55127074081,1603.45893784208,6,35
2007-01-01,"sd_Inflation_Category__CAPE",0.999979258198853,742.600231782653,727.43997028477,6,35
2007-01-01,"cor_Inflation_Category__Intercept__CAPE",0.999713323452473,1795.41810772667,1863.45916800647,6,35
2007-01-01,"sigma",1.00019911760323,3039.2096571904,2147.63407345713,6,35
2007-01-01,"r_Inflation_Category[high,Intercept]",1.00067569610996,1132.08764598265,1492.67090079922,6,35
2007-01-01,"r_Inflation_Category[low,Intercept]",1.00200421194999,1240.7678630398,1154.33227241832,6,35
2007-01-01,"r_Inflation_Category[medium,Intercept]",1.00146796236125,1054.32452934642,1194.57683995247,6,35
2007-01-01,"r_Inflation_Category[negative,Intercept]",1.00085553776298,1161.77322291836,1374.54133412044,6,35
2007-01-01,"r_Inflation_Category[high,CAPE]",1.00205361125745,874.676751461413,936.977985387341,6,35
2007-01-01,"r_Inflation_Category[low,CAPE]",1.00028950548967,1166.28382126647,1056.01691048339,6,35
2007-01-01,"r_Inflation_Category[medium,CAPE]",1.00087446954169,1169.78735752456,967.437277074905,6,35
2007-01-01,"r_Inflation_Category[negative,CAPE]",1.00136797417202,981.791103793264,1031.88271537137,6,35
2007-07-01,"b_Intercept",1.00631819405462,880.435410758639,1140.93513494503,6,36
2007-07-01,"b_CAPE",1.00400918769796,919.961812185296,1018.15984092647,6,36
2007-07-01,"sd_Inflation_Category__Intercept",1.00224968764705,920.276713083374,1078.45428464888,6,36
2007-07-01,"sd_Inflation_Category__CAPE",1.00113446897724,810.085964784782,780.859729038276,6,36
2007-07-01,"cor_Inflation_Category__Intercept__CAPE",1.00014617593225,1621.05402599124,1622.87573860579,6,36
2007-07-01,"sigma",0.999928746181341,2927.93477926604,1927.8459365339,6,36
2007-07-01,"r_Inflation_Category[high,Intercept]",1.00305907829867,1073.00340545183,1192.29037905037,6,36
2007-07-01,"r_Inflation_Category[low,Intercept]",1.00657901755482,836.715898297424,1085.55429644229,6,36
2007-07-01,"r_Inflation_Category[medium,Intercept]",1.00536604686032,963.156395268256,1149.3727807099,6,36
2007-07-01,"r_Inflation_Category[negative,Intercept]",1.00412918379642,1013.36019344724,1203.05463985754,6,36
2007-07-01,"r_Inflation_Category[high,CAPE]",1.00500805986516,762.301805583094,758.459766748367,6,36
2007-07-01,"r_Inflation_Category[low,CAPE]",1.0033533343459,906.32299624444,979.793070671245,6,36
2007-07-01,"r_Inflation_Category[medium,CAPE]",1.00525813540425,869.357673466347,1058.22730830744,6,36
2007-07-01,"r_Inflation_Category[negative,CAPE]",1.00445391713118,897.074319967535,938.9203979453,6,36
2008-01-01,"b_Intercept",1.00009635837792,866.917445904753,1175.11107025432,7,37
2008-01-01,"b_CAPE",0.999973699490928,1053.89784209945,1146.20230183689,7,37
2008-01-01,"sd_Inflation_Category__Intercept",1.00181787489628,1200.20421599273,1390.78053202866,7,37
2008-01-01,"sd_Inflation_Category__CAPE",1.00008000597896,1025.64683734398,1369.80459518912,7,37
2008-01-01,"cor_Inflation_Category__Intercept__CAPE",1.00043542918926,1547.7892261154,1900.60936963028,7,37
2008-01-01,"sigma",0.999976419242738,3118.57784904123,2235.13721460917,7,37
2008-01-01,"r_Inflation_Category[high,Intercept]",1.00103535179338,1047.3795748245,1282.93736509172,7,37
2008-01-01,"r_Inflation_Category[low,Intercept]",0.999926825756616,964.784414867811,1076.96766688117,7,37
2008-01-01,"r_Inflation_Category[medium,Intercept]",1.0005741233752,930.796846199712,1363.75464885305,7,37
2008-01-01,"r_Inflation_Category[negative,Intercept]",1.00033768069434,881.498371851586,1329.84915832069,7,37
2008-01-01,"r_Inflation_Category[high,CAPE]",1.00025984477958,1169.8207515945,1254.36501952628,7,37
2008-01-01,"r_Inflation_Category[low,CAPE]",1.00024792449681,1086.35930064993,1114.40682198852,7,37
2008-01-01,"r_Inflation_Category[medium,CAPE]",0.999879668058479,1090.87026796124,1217.41678263329,7,37
2008-01-01,"r_Inflation_Category[negative,CAPE]",1.00046126361103,1074.58642760349,1158.69984906145,7,37
2008-07-01,"b_Intercept",1.00231410887257,946.959422240161,1310.47272122304,7,38
2008-07-01,"b_CAPE",1.00026039910372,916.055881213166,873.056779215178,7,38
2008-07-01,"sd_Inflation_Category__Intercept",0.999836197062131,1147.4162426179,1126.01265617763,7,38
2008-07-01,"sd_Inflation_Category__CAPE",0.999911360202073,713.414444882598,922.935470386254,7,38
2008-07-01,"cor_Inflation_Category__Intercept__CAPE",1.00030388022818,1798.23372629477,2100.69006622547,7,38
2008-07-01,"sigma",1.00068162090256,3057.32550300566,2255.32747143268,7,38
2008-07-01,"r_Inflation_Category[high,Intercept]",1.00055598781492,1168.21604178359,1444.02736058706,7,38
2008-07-01,"r_Inflation_Category[low,Intercept]",1.00198080497643,1045.30627649318,1298.8402023231,7,38
2008-07-01,"r_Inflation_Category[medium,Intercept]",1.00288947537323,1026.4104904198,1300.40804410058,7,38
2008-07-01,"r_Inflation_Category[negative,Intercept]",1.00227118711362,1126.81681942948,1527.46169396536,7,38
2008-07-01,"r_Inflation_Category[high,CAPE]",1.00014041028196,975.814911510541,1050.36214734801,7,38
2008-07-01,"r_Inflation_Category[low,CAPE]",0.999778320763728,940.774266110544,844.136777517133,7,38
2008-07-01,"r_Inflation_Category[medium,CAPE]",1.0002588281808,880.229926757356,872.643595552974,7,38
2008-07-01,"r_Inflation_Category[negative,CAPE]",0.99984161666309,948.336725802983,813.695268354342,7,38
2009-01-01,"b_Intercept",0.999987960771638,1169.82189021673,1687.80395163777,7,39
2009-01-01,"b_CAPE",1.00074891095074,1310.67733914016,915.462287641116,7,39
2009-01-01,"sd_Inflation_Category__Intercept",1.00016308272325,1394.82072989571,1775.20619797353,7,39
2009-01-01,"sd_Inflation_Category__CAPE",1.00017535786727,869.387791938041,1125.78021210164,7,39
2009-01-01,"cor_Inflation_Category__Intercept__CAPE",0.999703598210322,1615.98324354255,1540.81272846556,7,39
2009-01-01,"sigma",1.0013064733644,3308.86331378105,2165.02571606234,7,39
2009-01-01,"r_Inflation_Category[high,Intercept]",0.999759150205715,1252.05057758758,1412.54203673899,7,39
2009-01-01,"r_Inflation_Category[low,Intercept]",1.0001094881175,1252.93686588057,1808.90680664514,7,39
2009-01-01,"r_Inflation_Category[medium,Intercept]",0.999919233847539,1241.11332500737,1565.91547400279,7,39
2009-01-01,"r_Inflation_Category[negative,Intercept]",0.99968299888498,1206.17830102304,1578.44892451711,7,39
2009-01-01,"r_Inflation_Category[high,CAPE]",0.999752085967073,1317.95179638283,985.583717447204,7,39
2009-01-01,"r_Inflation_Category[low,CAPE]",1.00184862063491,1337.05440517321,970.919704457768,7,39
2009-01-01,"r_Inflation_Category[medium,CAPE]",0.999844177786286,1318.40195719145,935.969677894433,7,39
2009-01-01,"r_Inflation_Category[negative,CAPE]",0.999959899657777,1426.11560578296,985.792831810431,7,39
2009-07-01,"b_Intercept",0.999880089649035,967.011594625122,1340.67863927759,7,40
2009-07-01,"b_CAPE",0.999814027682044,1332.42138010728,1167.43241406611,7,40
2009-07-01,"sd_Inflation_Category__Intercept",1.00016346670224,1623.68640461683,1921.5702419912,7,40
2009-07-01,"sd_Inflation_Category__CAPE",1.00118232972911,844.965218783109,1142.93562438024,7,40
2009-07-01,"cor_Inflation_Category__Intercept__CAPE",1.00341430559735,1778.49162532508,1746.97759770974,7,40
2009-07-01,"sigma",0.999846541812548,3138.26257689168,1911.65076945209,7,40
2009-07-01,"r_Inflation_Category[high,Intercept]",0.99980920466466,1172.445367174,1293.22766182777,7,40
2009-07-01,"r_Inflation_Category[low,Intercept]",1.00004450159314,1200.91953898658,1747.15782831777,7,40
2009-07-01,"r_Inflation_Category[medium,Intercept]",1.00072202737799,963.20150262573,1363.74869242443,7,40
2009-07-01,"r_Inflation_Category[negative,Intercept]",0.999685124256024,1108.87038278861,1531.22007409589,7,40
2009-07-01,"r_Inflation_Category[high,CAPE]",0.999950938850243,1408.10459687196,1610.6325573718,7,40
2009-07-01,"r_Inflation_Category[low,CAPE]",0.999926788169543,1427.93888426652,1222.03916806223,7,40
2009-07-01,"r_Inflation_Category[medium,CAPE]",0.999681201085185,1346.35657846932,1154.55704119536,7,40
2009-07-01,"r_Inflation_Category[negative,CAPE]",1.00018794299177,1397.30611219594,1254.10045419665,7,40
2010-01-01,"b_Intercept",1.00003059878781,1114.52593433471,1348.79909846117,7,41
2010-01-01,"b_CAPE",0.999726135730001,1106.17083534606,866.014118011585,7,41
2010-01-01,"sd_Inflation_Category__Intercept",1.00115114986454,1440.91231884677,1717.95132682458,7,41
2010-01-01,"sd_Inflation_Category__CAPE",1.00068362374689,939.302152125376,1306.98530154098,7,41
2010-01-01,"cor_Inflation_Category__Intercept__CAPE",1.00227765187836,1458.98592738126,1671.82354855281,7,41
2010-01-01,"sigma",1.00106758476894,3533.78740716436,1979.83195139118,7,41
2010-01-01,"r_Inflation_Category[high,Intercept]",0.999799014585746,1338.53639645662,1447.18353043626,7,41
2010-01-01,"r_Inflation_Category[low,Intercept]",1.00122996966742,1175.6712912654,1449.66146343774,7,41
2010-01-01,"r_Inflation_Category[medium,Intercept]",0.999964522454626,1198.41983854002,1424.5014546611,7,41
2010-01-01,"r_Inflation_Category[negative,Intercept]",0.999682051148322,1301.40691114392,1626.41745521432,7,41
2010-01-01,"r_Inflation_Category[high,CAPE]",1.00013647154317,1324.39381272772,978.601585725797,7,41
2010-01-01,"r_Inflation_Category[low,CAPE]",0.999858625165227,1178.71827237944,999.308526039026,7,41
2010-01-01,"r_Inflation_Category[medium,CAPE]",0.999830835353254,1124.22154653248,902.406018938201,7,41
2010-01-01,"r_Inflation_Category[negative,CAPE]",0.999733914374601,1189.03638866328,1154.9151856554,7,41
2010-07-01,"b_Intercept",1.00054827326406,1405.81655471347,1555.28282970765,7,42
2010-07-01,"b_CAPE",1.0012661233259,1202.55117307734,1036.5048345025,7,42
2010-07-01,"sd_Inflation_Category__Intercept",1.00085542014425,1284.9869008227,1349.69397037869,7,42
2010-07-01,"sd_Inflation_Category__CAPE",1.00354054142842,966.656327868692,1248.47838103202,7,42
2010-07-01,"cor_Inflation_Category__Intercept__CAPE",0.999861046167216,1522.8559370932,1653.71138797058,7,42
2010-07-01,"sigma",1.00015691639431,2932.38988898028,1865.68499851787,7,42
2010-07-01,"r_Inflation_Category[high,Intercept]",1.0008030447076,1659.64024397176,1661.2986021108,7,42
2010-07-01,"r_Inflation_Category[low,Intercept]",1.00008906053984,1615.54495452987,1760.15255319675,7,42
2010-07-01,"r_Inflation_Category[medium,Intercept]",1.00062635714432,1446.90624880635,1638.74965745504,7,42
2010-07-01,"r_Inflation_Category[negative,Intercept]",1.00008576383577,1586.08480861348,1680.71286959441,7,42
2010-07-01,"r_Inflation_Category[high,CAPE]",1.00169811143581,1295.35391385792,1289.51826225152,7,42
2010-07-01,"r_Inflation_Category[low,CAPE]",1.00101424306663,1406.57824880865,1190.47828265806,7,42
2010-07-01,"r_Inflation_Category[medium,CAPE]",1.00140004591107,1152.94661107746,1046.55053804682,7,42
2010-07-01,"r_Inflation_Category[negative,CAPE]",1.00038629864364,1018.90622960832,1140.06537512811,7,42
2011-01-01,"b_Intercept",1.00074105470812,1122.2268316979,1544.98975880773,8,43
2011-01-01,"b_CAPE",1.00077277320766,1172.55438306285,932.978985362062,8,43
2011-01-01,"sd_Inflation_Category__Intercept",1.00144791587072,1091.40978210462,1752.38166298149,8,43
2011-01-01,"sd_Inflation_Category__CAPE",1.00054726033909,844.988294902636,1351.05661885265,8,43
2011-01-01,"cor_Inflation_Category__Intercept__CAPE",1.00085310279389,1645.32605596392,1467.63314913808,8,43
2011-01-01,"sigma",1.00533260401994,3124.87293067249,2012.25609027058,8,43
2011-01-01,"r_Inflation_Category[high,Intercept]",1.00079237442847,1331.07504820162,1941.81021623688,8,43
2011-01-01,"r_Inflation_Category[low,Intercept]",1.00141912394471,1370.92243827784,1950.1151441784,8,43
2011-01-01,"r_Inflation_Category[medium,Intercept]",1.00102150802166,1187.1657198649,1601.80418760284,8,43
2011-01-01,"r_Inflation_Category[negative,Intercept]",1.00075192897726,1338.49865510645,1602.10095350418,8,43
2011-01-01,"r_Inflation_Category[high,CAPE]",1.00169562291996,1258.33055031054,1223.59918468335,8,43
2011-01-01,"r_Inflation_Category[low,CAPE]",1.0027731095714,1306.38281526675,1123.20964745728,8,43
2011-01-01,"r_Inflation_Category[medium,CAPE]",1.00120501845855,1185.09633370218,1037.68678415545,8,43
2011-01-01,"r_Inflation_Category[negative,CAPE]",1.00143096331499,1259.03666980339,1299.45167389439,8,43
2011-07-01,"b_Intercept",1.00248359359479,1196.17219482507,1621.88452261941,8,44
2011-07-01,"b_CAPE",0.999727303369892,1307.97059637612,1172.52907247721,8,44
2011-07-01,"sd_Inflation_Category__Intercept",1.00637481666779,1128.57141130841,1431.45016736296,8,44
2011-07-01,"sd_Inflation_Category__CAPE",1.000425194581,1125.2448842327,1343.22239209311,8,44
2011-07-01,"cor_Inflation_Category__Intercept__CAPE",1.00105568198264,1893.14779602864,1867.81704565878,8,44
2011-07-01,"sigma",1.00049233194259,3114.68913161372,2256.03879500914,8,44
2011-07-01,"r_Inflation_Category[high,Intercept]",1.00188532854173,1426.7382865251,1773.17238114654,8,44
2011-07-01,"r_Inflation_Category[low,Intercept]",1.00207915184782,1401.22095058081,1879.83504146074,8,44
2011-07-01,"r_Inflation_Category[medium,Intercept]",1.00223515810114,1258.205314904,1538.74417028887,8,44
2011-07-01,"r_Inflation_Category[negative,Intercept]",1.0046268072433,1249.50733179175,1938.70818837491,8,44
2011-07-01,"r_Inflation_Category[high,CAPE]",0.999724171018177,1378.7562607594,1463.70638883781,8,44
2011-07-01,"r_Inflation_Category[low,CAPE]",1.00115646994762,1441.74496370166,1333.49655773465,8,44
2011-07-01,"r_Inflation_Category[medium,CAPE]",0.999832620028628,1307.13937356327,1279.16668969449,8,44
2011-07-01,"r_Inflation_Category[negative,CAPE]",0.999710327901407,1512.12244194521,1189.84711843878,8,44
2012-01-01,"b_Intercept",1.00026101644154,834.017457265947,1154.72395525342,8,45
2012-01-01,"b_CAPE",1.0004570594421,920.874393821306,1096.91143615685,8,45
2012-01-01,"sd_Inflation_Category__Intercept",0.999945709694796,1287.21536520801,1870.7992091171,8,45
2012-01-01,"sd_Inflation_Category__CAPE",1.00015856202565,920.024499273255,1194.32242632321,8,45
2012-01-01,"cor_Inflation_Category__Intercept__CAPE",1.00054146426812,1641.99363496101,1716.99439392488,8,45
2012-01-01,"sigma",1.00006153975334,2705.64886337279,2352.63079601096,8,45
2012-01-01,"r_Inflation_Category[high,Intercept]",1.0011823572565,935.000078200252,1437.09422762359,8,45
2012-01-01,"r_Inflation_Category[low,Intercept]",1.00086687301915,1099.13892235713,1473.5154210459,8,45
2012-01-01,"r_Inflation_Category[medium,Intercept]",1.0003375750921,918.031195244074,1302.36176351018,8,45
2012-01-01,"r_Inflation_Category[negative,Intercept]",1.00018573428775,980.21772400803,1418.8096862643,8,45
2012-01-01,"r_Inflation_Category[high,CAPE]",1.00038017299221,1009.89084516578,1410.16805514937,8,45
2012-01-01,"r_Inflation_Category[low,CAPE]",1.00080754982174,980.665258833318,1180.78255762533,8,45
2012-01-01,"r_Inflation_Category[medium,CAPE]",1.00059293735157,929.059716817108,1106.75532765245,8,45
2012-01-01,"r_Inflation_Category[negative,CAPE]",1.00054510727929,971.092886956447,1245.8783358002,8,45
2012-07-01,"b_Intercept",0.999673331227146,1314.45984544964,1755.065315968,8,46
2012-07-01,"b_CAPE",1.00186813632481,1211.86589091239,973.976058681713,8,46
2012-07-01,"sd_Inflation_Category__Intercept",0.999957330137066,1514.90239339632,1730.0522065229,8,46
2012-07-01,"sd_Inflation_Category__CAPE",1.00096934249391,703.243321057672,712.429891169019,8,46
2012-07-01,"cor_Inflation_Category__Intercept__CAPE",1.00039104377724,1908.64003641449,1883.77719315951,8,46
2012-07-01,"sigma",0.99982767976455,3532.12532280881,2283.09665420102,8,46
2012-07-01,"r_Inflation_Category[high,Intercept]",0.999696302209185,1470.96145760612,2079.73983913349,8,46
2012-07-01,"r_Inflation_Category[low,Intercept]",0.999838675713659,1449.78393240088,1880.52214031529,8,46
2012-07-01,"r_Inflation_Category[medium,Intercept]",0.999719275294076,1330.68435566509,1683.35272649293,8,46
2012-07-01,"r_Inflation_Category[negative,Intercept]",0.999717326320732,1495.95205304864,2148.92347082839,8,46
2012-07-01,"r_Inflation_Category[high,CAPE]",0.999859721392971,1178.97996699708,1166.49486966071,8,46
2012-07-01,"r_Inflation_Category[low,CAPE]",1.00041672888552,1284.21946334088,1087.3376742673,8,46
2012-07-01,"r_Inflation_Category[medium,CAPE]",1.00056362719621,1160.89335380906,1047.63181321156,8,46
2012-07-01,"r_Inflation_Category[negative,CAPE]",1.00055808993977,1192.06803498478,1078.83675726408,8,46
2013-01-01,"b_Intercept",1.00086114999635,1108.28253847851,1707.78025826355,8,47
2013-01-01,"b_CAPE",0.999706691840598,1373.8483147036,1120.11740612932,8,47
2013-01-01,"sd_Inflation_Category__Intercept",0.999806218974187,1520.82982976721,1693.43513257821,8,47
2013-01-01,"sd_Inflation_Category__CAPE",0.999714602924326,929.434662055304,1257.76314678464,8,47
2013-01-01,"cor_Inflation_Category__Intercept__CAPE",1.00041935418171,1832.77452523196,1939.26347755382,8,47
2013-01-01,"sigma",0.999777499085987,3340.32529554276,2065.68109658757,8,47
2013-01-01,"r_Inflation_Category[high,Intercept]",1.00011814222021,1218.65770928307,1699.99723171963,8,47
2013-01-01,"r_Inflation_Category[low,Intercept]",1.00042748075619,1285.1850914257,2040.26527282532,8,47
2013-01-01,"r_Inflation_Category[medium,Intercept]",1.00122531521687,1140.78218529055,1745.01044681496,8,47
2013-01-01,"r_Inflation_Category[negative,Intercept]",1.00006443306312,1350.23183354085,2252.94398430465,8,47
2013-01-01,"r_Inflation_Category[high,CAPE]",1.00060251415137,1458.5826146849,1370.92111712576,8,47
2013-01-01,"r_Inflation_Category[low,CAPE]",1.00117155964098,1431.26110765847,1333.40900734074,8,47
2013-01-01,"r_Inflation_Category[medium,CAPE]",0.999784526948428,1389.78884258942,1153.33656746931,8,47
2013-01-01,"r_Inflation_Category[negative,CAPE]",0.999924903223322,1450.95981455901,1391.08219546214,8,47
2013-07-01,"b_Intercept",1.00174548267074,1075.64311180886,1499.4960386299,8,48
2013-07-01,"b_CAPE",0.999933213156554,1161.96121515052,925.833301236126,8,48
2013-07-01,"sd_Inflation_Category__Intercept",0.99985278737428,1312.19361875231,1801.74803152503,8,48
2013-07-01,"sd_Inflation_Category__CAPE",0.999970756534748,638.53936111927,1150.64171018271,8,48
2013-07-01,"cor_Inflation_Category__Intercept__CAPE",1.00168997105004,1883.74485964136,1986.45011103098,8,48
2013-07-01,"sigma",1.00023048778906,3461.20833133702,2280.68483405632,8,48
2013-07-01,"r_Inflation_Category[high,Intercept]",1.00186587167453,1161.57767261655,1630.51475987247,8,48
2013-07-01,"r_Inflation_Category[low,Intercept]",1.00194908068559,1025.02358589672,1459.36918665264,8,48
2013-07-01,"r_Inflation_Category[medium,Intercept]",1.00088488423796,1103.28742697934,1469.89849009791,8,48
2013-07-01,"r_Inflation_Category[negative,Intercept]",1.00053920355973,1196.52750669783,1655.79717568851,8,48
2013-07-01,"r_Inflation_Category[high,CAPE]",0.999770072629352,1190.11144217579,1120.86943346094,8,48
2013-07-01,"r_Inflation_Category[low,CAPE]",1.00070532967146,1299.21341568935,1040.71854769552,8,48
2013-07-01,"r_Inflation_Category[medium,CAPE]",1.00045869017981,1107.68651152621,887.014206419409,8,48
2013-07-01,"r_Inflation_Category[negative,CAPE]",1.00077605932932,1372.58435805909,1057.53558618679,8,48
2014-01-01,"b_Intercept",1.0029020456357,1209.92410967736,1628.81959867265,9,49
2014-01-01,"b_CAPE",0.999761436755719,1323.80577137917,1252.12620931176,9,49
2014-01-01,"sd_Inflation_Category__Intercept",1.00068976607428,1305.71572013321,1651.79486057547,9,49
2014-01-01,"sd_Inflation_Category__CAPE",1.00128909926581,946.518354818586,1261.65103099619,9,49
2014-01-01,"cor_Inflation_Category__Intercept__CAPE",1.00033493118933,1771.89712491806,1899.09011920224,9,49
2014-01-01,"sigma",0.999853698567076,3151.90416249259,2234.30842792012,9,49
2014-01-01,"r_Inflation_Category[high,Intercept]",0.999988330436974,1259.89827332715,1846.54431002226,9,49
2014-01-01,"r_Inflation_Category[low,Intercept]",1.00066944239418,1212.52855505676,1784.14366335434,9,49
2014-01-01,"r_Inflation_Category[medium,Intercept]",1.00290343524673,1256.44825939786,1808.69433405289,9,49
2014-01-01,"r_Inflation_Category[negative,Intercept]",1.0020425673933,1281.36634351815,1751.07041720891,9,49
2014-01-01,"r_Inflation_Category[high,CAPE]",1.0001196045775,1437.17888135755,1254.43799391896,9,49
2014-01-01,"r_Inflation_Category[low,CAPE]",0.999692870644394,1338.09352077271,1454.52604957741,9,49
2014-01-01,"r_Inflation_Category[medium,CAPE]",0.999813880280301,1300.97213390057,1200.32641156256,9,49
2014-01-01,"r_Inflation_Category[negative,CAPE]",0.999712440093145,1409.91088693936,1350.76872247396,9,49
2014-07-01,"b_Intercept",1.00149930862957,1193.52478348398,1726.04057562921,9,50
2014-07-01,"b_CAPE",1.0042239302391,1245.06642350461,753.121991344418,9,50
2014-07-01,"sd_Inflation_Category__Intercept",1.00264396705887,1191.14943749136,1568.44079338551,9,50
2014-07-01,"sd_Inflation_Category__CAPE",1.00619252880655,925.114023282878,899.615128294499,9,50
2014-07-01,"cor_Inflation_Category__Intercept__CAPE",0.999943897159431,1770.11691453936,1451.02977040366,9,50
2014-07-01,"sigma",1.00106059578088,3210.16035091599,1970.74118193414,9,50
2014-07-01,"r_Inflation_Category[high,Intercept]",1.00193109599218,1107.93669793446,1820.86727101401,9,50
2014-07-01,"r_Inflation_Category[low,Intercept]",1.00202419534664,1282.29235749453,1900.55208929231,9,50
2014-07-01,"r_Inflation_Category[medium,Intercept]",1.0018590302619,1207.56779885199,1788.2126461832,9,50
2014-07-01,"r_Inflation_Category[negative,Intercept]",1.0013011532993,1238.689952863,1983.66789158493,9,50
2014-07-01,"r_Inflation_Category[high,CAPE]",1.00247670622207,1350.80854054322,1003.30278283425,9,50
2014-07-01,"r_Inflation_Category[low,CAPE]",1.00289472567392,1289.11199132468,875.595109501749,9,50
2014-07-01,"r_Inflation_Category[medium,CAPE]",1.00314195494603,1221.79297829522,724.069474727393,9,50
2014-07-01,"r_Inflation_Category[negative,CAPE]",1.00256780012622,1242.90271959729,898.396100730225,9,50
2015-01-01,"b_Intercept",1.00082446657839,1052.13394325194,1588.50995841246,9,51
2015-01-01,"b_CAPE",1.00075862471648,1367.43414861756,1212.36966191985,9,51
2015-01-01,"sd_Inflation_Category__Intercept",1.00034946708611,1046.96341720078,1789.44111446362,9,51
2015-01-01,"sd_Inflation_Category__CAPE",1.0000129803031,1063.32591738123,1308.46268797475,9,51
2015-01-01,"cor_Inflation_Category__Intercept__CAPE",0.999829176768869,1989.0950002759,1975.39886557465,9,51
2015-01-01,"sigma",1.00067669804549,2762.09696547406,2300.89690434129,9,51
2015-01-01,"r_Inflation_Category[high,Intercept]",0.999886909037567,1193.02792779247,1875.35000580046,9,51
2015-01-01,"r_Inflation_Category[low,Intercept]",1.00085548270045,1176.43251000518,1958.56625234997,9,51
2015-01-01,"r_Inflation_Category[medium,Intercept]",1.00107718260474,1113.48987067908,1840.10021647123,9,51
2015-01-01,"r_Inflation_Category[negative,Intercept]",1.00077630677792,1130.40138055896,1730.4537450635,9,51
2015-01-01,"r_Inflation_Category[high,CAPE]",0.999832222329915,1488.59279678022,1250.75098933834,9,51
2015-01-01,"r_Inflation_Category[low,CAPE]",1.00079798239753,1418.84639299572,1190.59059812581,9,51
2015-01-01,"r_Inflation_Category[medium,CAPE]",1.0010469472015,1386.38670395324,1064.19595774517,9,51
2015-01-01,"r_Inflation_Category[negative,CAPE]",1.00056699639352,1477.59254093736,1192.66175279101,9,51
2015-07-01,"b_Intercept",1.00043414583182,1299.46711574012,1752.7793539731,9,52
2015-07-01,"b_CAPE",1.00033786660523,1163.11326492611,1148.97213981158,9,52
2015-07-01,"sd_Inflation_Category__Intercept",1.0000708486811,1237.71831838626,1575.74366351396,9,52
2015-07-01,"sd_Inflation_Category__CAPE",0.999840768849422,916.334050678196,967.559775476307,9,52
2015-07-01,"cor_Inflation_Category__Intercept__CAPE",1.0009045775209,1945.15653550021,1703.78053950879,9,52
2015-07-01,"sigma",0.999792950147004,3230.53156540771,2057.1451636368,9,52
2015-07-01,"r_Inflation_Category[high,Intercept]",1.0002297449152,1296.05852240519,1818.40622491784,9,52
2015-07-01,"r_Inflation_Category[low,Intercept]",0.999913927840044,1436.04373329642,1945.50953898884,9,52
2015-07-01,"r_Inflation_Category[medium,Intercept]",0.999792445415771,1411.37010958299,2022.87683984729,9,52
2015-07-01,"r_Inflation_Category[negative,Intercept]",1.00100973814452,1512.75140256131,2051.71366795953,9,52
2015-07-01,"r_Inflation_Category[high,CAPE]",0.999820253926288,1259.05011697221,1275.75624051671,9,52
2015-07-01,"r_Inflation_Category[low,CAPE]",1.00035181206756,1216.1168262269,1221.91637922615,9,52
2015-07-01,"r_Inflation_Category[medium,CAPE]",1.00070509320722,1172.46360146416,1206.93924996801,9,52
2015-07-01,"r_Inflation_Category[negative,CAPE]",1.00007124980406,1269.85296090179,1097.87467208382,9,52
